0.000000, 0.000000, 0.000000, 70.712316, 70.709040
0.100000, 2.071000, 1.973036, 20.710000, 19.730357
0.200000, 3.713096, 3.458684, 16.420959, 14.856487
0.300000, 5.085544, 4.625518, 13.724480, 11.668335
0.400000, 6.269630, 5.558101, 11.840866, 9.325834
0.500000, 7.313511, 6.305614, 10.438805, 7.475123
0.600000, 8.248423, 6.899148, 9.349119, 5.935348
0.700000, 9.095929, 7.359355, 8.475058, 4.602064
0.800000, 9.871608, 7.700282, 7.756792, 3.409274
0.900000, 10.587119, 7.931487, 7.155114, 2.312043
1.000000, 11.251435, 8.059245, 6.643157, 1.277588
1.100000, 11.871619, 8.087272, 6.201842, 0.280265
1.200000, 12.453341, 8.017120, 5.817214, -0.701520
1.300000, 13.001222, 7.849360, 5.478814, -1.677599
1.400000, 13.519086, 7.586314, 5.178640, -2.630456
1.500000, 14.010132, 7.232088, 4.910457, -3.542263
1.600000, 14.477065, 6.792309, 4.669331, -4.397786
1.700000, 14.922195, 6.273771, 4.451304, -5.185381
1.800000, 15.347512, 5.684021, 4.253163, -5.897499
1.900000, 15.754739, 5.030952, 4.072269, -6.530694
2.000000, 16.145382, 4.322432, 3.906436, -7.085195
2.100000, 16.520765, 3.566013, 3.753833, -7.564195
2.200000, 16.882057, 2.768711, 3.612921, -7.973024
2.300000, 17.230296, 1.936877, 3.482389, -8.318333
2.400000, 17.566408, 1.076139, 3.361118, -8.607387
2.500000, 17.891223, 0.191387, 3.248147, -8.847516
2.600000, 18.205487, -0.713186, 3.142643, -9.045730
2.700000, 18.509875, -1.634034, 3.043880, -9.208478
2.800000, 18.804998, -2.568186, 2.951228, -9.341517
2.900000, 19.091411, -3.513173, 2.864131, -9.449878
3.000000, 19.369621, -4.466961, 2.782098, -9.537876
3.100000, 19.640091, -5.427877, 2.704698, -9.609165
3.200000, 19.903245, -6.394558, 2.631544, -9.666805
3.300000, 20.159474, -7.365891, 2.562294, -9.713333
3.400000, 20.409138, -8.340976, 2.496640, -9.750845
3.500000, 20.652569, -9.319081, 2.434308, -9.781055
3.600000, 20.890074, -10.299618, 2.375049, -9.805365
3.700000, 21.121938, -11.282109, 2.318641, -9.824913
3.800000, 21.348426, -12.266171, 2.264880, -9.840624
3.900000, 21.569785, -13.251496, 2.213583, -9.853245
4.000000, 21.786243, -14.237834, 2.164584, -9.863381
4.100000, 21.998016, -15.224986, 2.117729, -9.871518
4.200000, 22.205304, -16.212791, 2.072882, -9.878049
4.300000, 22.408295, -17.201120, 2.029913, -9.883291
4.400000, 22.607166, -18.189869, 1.988708, -9.887496
4.500000, 22.802082, -19.178956, 1.949158, -9.890870
4.600000, 22.993199, -20.168314, 1.911166, -9.893577
4.700000, 23.180663, -21.157889, 1.874640, -9.895749
4.800000, 23.364612, -22.147638, 1.839498, -9.897490
4.900000, 23.545178, -23.137527, 1.805660, -9.898887
5.000000, 23.722484, -24.127527, 1.773056, -9.900007
5.100000, 23.896646, -25.117618, 1.741619, -9.900906
5.200000, 24.067774, -26.107781, 1.711286, -9.901627
5.300000, 24.235975, -27.098001, 1.682001, -9.902204
5.400000, 24.401346, -28.088268, 1.653710, -9.902668
5.500000, 24.563982, -29.078572, 1.626363, -9.903040
5.600000, 24.723973, -30.068906, 1.599912, -9.903338
5.700000, 24.881405, -31.059263, 1.574315, -9.903577
5.800000, 25.036358, -32.049640, 1.549530, -9.903768
5.900000, 25.188910, -33.040032, 1.525520, -9.903922
6.000000, 25.339134, -34.030437, 1.502248, -9.904045
6.100000, 25.487102, -35.020851, 1.479680, -9.904144
6.200000, 25.632881, -36.011274, 1.457786, -9.904223
6.300000, 25.776534, -37.001702, 1.436534, -9.904287
6.400000, 25.918124, -37.992136, 1.415898, -9.904338
6.500000, 26.057709, -38.982574, 1.395850, -9.904379
6.600000, 26.195346, -39.973015, 1.376366, -9.904412
6.700000, 26.331088, -40.963459, 1.357422, -9.904438
6.800000, 26.464988, -41.953905, 1.338996, -9.904459
6.900000, 26.597094, -42.944353, 1.321067, -9.904476
7.000000, 26.727456, -43.934802, 1.303615, -9.904490
7.100000, 26.856118, -44.925252, 1.286621, -9.904500
7.200000, 26.983125, -45.915703, 1.270067, -9.904509
7.300000, 27.108518, -46.906154, 1.253936, -9.904516
7.400000, 27.232340, -47.896606, 1.238213, -9.904522
7.500000, 27.354628, -48.887059, 1.222881, -9.904526
7.600000, 27.475420, -49.877512, 1.207927, -9.904530
7.700000, 27.594754, -50.867965, 1.193336, -9.904533
7.800000, 27.712663, -51.858419, 1.179095, -9.904535
7.900000, 27.829183, -52.848872, 1.165193, -9.904537
8.000000, 27.944344, -53.839326, 1.151616, -9.904538
8.100000, 28.058180, -54.829780, 1.138354, -9.904540
8.200000, 28.170719, -55.820234, 1.125395, -9.904541
8.300000, 28.281992, -56.810688, 1.112730, -9.904541
8.400000, 28.392027, -57.801143, 1.100348, -9.904542
8.500000, 28.500851, -58.791597, 1.088241, -9.904542
8.600000, 28.608491, -59.782051, 1.076398, -9.904543
8.700000, 28.714972, -60.772505, 1.064812, -9.904543
8.800000, 28.820320, -61.762960, 1.053474, -9.904543
8.900000, 28.924557, -62.753414, 1.042375, -9.904544
9.000000, 29.027708, -63.743868, 1.031510, -9.904544
9.100000, 29.129795, -64.734323, 1.020870, -9.904544
9.200000, 29.230840, -65.724777, 1.010448, -9.904544
9.300000, 29.330864, -66.715232, 1.000238, -9.904544
9.400000, 29.429887, -67.705686, 0.990233, -9.904544
9.500000, 29.527930, -68.696140, 0.980428, -9.904544
9.600000, 29.625011, -69.686595, 0.970815, -9.904544
9.700000, 29.721150, -70.677049, 0.961390, -9.904544
9.800000, 29.816365, -71.667504, 0.952148, -9.904544
9.900000, 29.910673, -72.657958, 0.943082, -9.904544
10.000000, 30.004092, -73.648413, 0.934188, -9.904544
10.100000, 30.096638, -74.638867, 0.925461, -9.904544
10.200000, 30.188328, -75.629321, 0.916896, -9.904544
10.300000, 30.279177, -76.619776, 0.908489, -9.904544
10.400000, 30.369200, -77.610230, 0.900236, -9.904544
10.500000, 30.458413, -78.600685, 0.892131, -9.904544
10.600000, 30.546831, -79.591139, 0.884172, -9.904544
10.700000, 30.634466, -80.581594, 0.876355, -9.904544
10.800000, 30.721334, -81.572048, 0.868675, -9.904544
10.900000, 30.807446, -82.562503, 0.861129, -9.904544
11.000000, 30.892818, -83.552957, 0.853713, -9.904544
11.100000, 30.977460, -84.543411, 0.846425, -9.904544
11.200000, 31.061386, -85.533866, 0.839261, -9.904544
11.300000, 31.144608, -86.524320, 0.832217, -9.904544
11.400000, 31.227137, -87.514775, 0.825291, -9.904544
11.500000, 31.308985, -88.505229, 0.818480, -9.904544
11.600000, 31.390163, -89.495684, 0.811781, -9.904544
11.700000, 31.470682, -90.486138, 0.805191, -9.904544
11.800000, 31.550553, -91.476593, 0.798708, -9.904544
11.900000, 31.629786, -92.467047, 0.792329, -9.904544
12.000000, 31.708391, -93.457501, 0.786051, -9.904544
12.100000, 31.786378, -94.447956, 0.779872, -9.904544
12.200000, 31.863757, -95.438410, 0.773790, -9.904544
12.300000, 31.940538, -96.428865, 0.767802, -9.904544
12.400000, 32.016728, -97.419319, 0.761907, -9.904544
12.500000, 32.092339, -98.409774, 0.756102, -9.904544
12.600000, 32.167377, -99.400228, 0.750385, -9.904544
12.700000, 32.241852, -100.390683, 0.744755, -9.904544
12.800000, 32.315773, -101.381137, 0.739208, -9.904544
12.900000, 32.389148, -102.371591, 0.733744, -9.904544
13.000000, 32.461984, -103.362046, 0.728360, -9.904544
13.100000, 32.534289, -104.352500, 0.723055, -9.904544
13.200000, 32.606072, -105.342955, 0.717827, -9.904544
13.300000, 32.677339, -106.333409, 0.712674, -9.904544
13.400000, 32.748099, -107.323864, 0.707595, -9.904544
13.500000, 32.818357, -108.314318, 0.702588, -9.904544
13.600000, 32.888123, -109.304772, 0.697652, -9.904544
13.700000, 32.957401, -110.295227, 0.692785, -9.904544
13.800000, 33.026200, -111.285681, 0.687985, -9.904544
13.900000, 33.094525, -112.276136, 0.683252, -9.904544
14.000000, 33.162383, -113.266590, 0.678583, -9.904544
14.100000, 33.229781, -114.257045, 0.673979, -9.904544
14.200000, 33.296725, -115.247499, 0.669436, -9.904544
14.300000, 33.363220, -116.237954, 0.664955, -9.904544
14.400000, 33.429273, -117.228408, 0.660533, -9.904544
14.500000, 33.494890, -118.218862, 0.656170, -9.904544
14.600000, 33.560077, -119.209317, 0.651864, -9.904544
14.700000, 33.624838, -120.199771, 0.647615, -9.904544
14.800000, 33.689180, -121.190226, 0.643421, -9.904544
14.900000, 33.753109, -122.180680, 0.639281, -9.904544
15.000000, 33.816628, -123.171135, 0.635194, -9.904544
15.100000, 33.879744, -124.161589, 0.631160, -9.904544
15.200000, 33.942462, -125.152044, 0.627176, -9.904544
15.300000, 34.004786, -126.142498, 0.623243, -9.904544
15.400000, 34.066722, -127.132952, 0.619358, -9.904544
15.500000, 34.128274, -128.123407, 0.615522, -9.904544
15.600000, 34.189447, -129.113861, 0.611734, -9.904544
15.700000, 34.250246, -130.104316, 0.607991, -9.904544
15.800000, 34.310676, -131.094770, 0.604295, -9.904544
15.900000, 34.370740, -132.085225, 0.600643, -9.904544
16.000000, 34.430444, -133.075679, 0.597035, -9.904544
16.100000, 34.489791, -134.066134, 0.593471, -9.904544
16.200000, 34.548786, -135.056588, 0.589949, -9.904544
16.300000, 34.607433, -136.047042, 0.586468, -9.904544
16.400000, 34.665735, -137.037497, 0.583029, -9.904544
16.500000, 34.723698, -138.027951, 0.579630, -9.904544
16.600000, 34.781325, -139.018406, 0.576270, -9.904544
16.700000, 34.838620, -140.008860, 0.572949, -9.904544
16.800000, 34.895587, -140.999315, 0.569666, -9.904544
16.900000, 34.952229, -141.989769, 0.566421, -9.904544
17.000000, 35.008550, -142.980223, 0.563213, -9.904544
17.100000, 35.064555, -143.970678, 0.560041, -9.904544
17.200000, 35.120245, -144.961132, 0.556904, -9.904544
17.300000, 35.175625, -145.951587, 0.553803, -9.904544
17.400000, 35.230699, -146.942041, 0.550736, -9.904544
17.500000, 35.285469, -147.932496, 0.547703, -9.904544
17.600000, 35.339939, -148.922950, 0.544703, -9.904544
17.700000, 35.394113, -149.913405, 0.541736, -9.904544
17.800000, 35.447993, -150.903859, 0.538801, -9.904544
17.900000, 35.501583, -151.894313, 0.535898, -9.904544
18.000000, 35.554886, -152.884768, 0.533026, -9.904544
18.100000, 35.607904, -153.875222, 0.530185, -9.904544
18.200000, 35.660642, -154.865677, 0.527374, -9.904544
18.300000, 35.713101, -155.856131, 0.524593, -9.904544
18.400000, 35.765285, -156.846586, 0.521841, -9.904544
18.500000, 35.817197, -157.837040, 0.519118, -9.904544
18.600000, 35.868839, -158.827495, 0.516423, -9.904544
18.700000, 35.920215, -159.817949, 0.513756, -9.904544
18.800000, 35.971326, -160.808403, 0.511117, -9.904544
18.900000, 36.022177, -161.798858, 0.508504, -9.904544
19.000000, 36.072769, -162.789312, 0.505918, -9.904544
19.100000, 36.123104, -163.779767, 0.503359, -9.904544
19.200000, 36.173187, -164.770221, 0.500825, -9.904544
19.300000, 36.223019, -165.760676, 0.498317, -9.904544
19.400000, 36.272602, -166.751130, 0.495834, -9.904544
19.500000, 36.321940, -167.741585, 0.493375, -9.904544
19.600000, 36.371034, -168.732039, 0.490941, -9.904544
19.700000, 36.419887, -169.722493, 0.488531, -9.904544
19.800000, 36.468501, -170.712948, 0.486144, -9.904544
19.900000, 36.516879, -171.703402, 0.483781, -9.904544
20.000000, 36.565023, -172.693857, 0.481440, -9.904544
20.100000, 36.612936, -173.684311, 0.479123, -9.904544
20.200000, 36.660618, -174.674766, 0.476827, -9.904544
20.300000, 36.708074, -175.665220, 0.474553, -9.904544
20.400000, 36.755304, -176.655674, 0.472301, -9.904544
20.500000, 36.802311, -177.646129, 0.470071, -9.904544
20.600000, 36.849097, -178.636583, 0.467861, -9.904544
20.700000, 36.895664, -179.627038, 0.465672, -9.904544
20.800000, 36.942014, -180.617492, 0.463504, -9.904544
20.900000, 36.988150, -181.607947, 0.461355, -9.904544
21.000000, 37.034073, -182.598401, 0.459227, -9.904544
21.100000, 37.079784, -183.588856, 0.457118, -9.904544
21.200000, 37.125287, -184.579310, 0.455028, -9.904544
21.300000, 37.170583, -185.569764, 0.452958, -9.904544
21.400000, 37.215674, -186.560219, 0.450906, -9.904544
21.500000, 37.260561, -187.550673, 0.448873, -9.904544
21.600000, 37.305247, -188.541128, 0.446858, -9.904544
21.700000, 37.349733, -189.531582, 0.444861, -9.904544
21.800000, 37.394021, -190.522037, 0.442882, -9.904544
21.900000, 37.438113, -191.512491, 0.440921, -9.904544
22.000000, 37.482011, -192.502946, 0.438977, -9.904544
22.100000, 37.525716, -193.493400, 0.437050, -9.904544
22.200000, 37.569230, -194.483854, 0.435139, -9.904544
22.300000, 37.612554, -195.474309, 0.433246, -9.904544
22.400000, 37.655691, -196.464763, 0.431369, -9.904544
22.500000, 37.698642, -197.455218, 0.429508, -9.904544
22.600000, 37.741408, -198.445672, 0.427663, -9.904544
22.700000, 37.783992, -199.436127, 0.425834, -9.904544
22.800000, 37.826394, -200.426581, 0.424021, -9.904544
22.900000, 37.868616, -201.417036, 0.422223, -9.904544
23.000000, 37.910660, -202.407490, 0.420440, -9.904544
23.100000, 37.952528, -203.397944, 0.418673, -9.904544
23.200000, 37.994219, -204.388399, 0.416920, -9.904544
23.300000, 38.035738, -205.378853, 0.415182, -9.904544
23.400000, 38.077083, -206.369308, 0.413458, -9.904544
23.500000, 38.118258, -207.359762, 0.411748, -9.904544
23.600000, 38.159264, -208.350217, 0.410053, -9.904544
23.700000, 38.200101, -209.340671, 0.408372, -9.904544
23.800000, 38.240771, -210.331125, 0.406704, -9.904544
23.900000, 38.281276, -211.321580, 0.405050, -9.904544
24.000000, 38.321617, -212.312034, 0.403409, -9.904544
24.100000, 38.361795, -213.302489, 0.401782, -9.904544
24.200000, 38.401812, -214.292943, 0.400168, -9.904544
24.300000, 38.441669, -215.283398, 0.398566, -9.904544
24.400000, 38.481366, -216.273852, 0.396978, -9.904544
24.500000, 38.520907, -217.264307, 0.395402, -9.904544
24.600000, 38.560290, -218.254761, 0.393838, -9.904544
24.700000, 38.599519, -219.245215, 0.392287, -9.904544
24.800000, 38.638594, -220.235670, 0.390748, -9.904544
24.900000, 38.677516, -221.226124, 0.389221, -9.904544
25.000000, 38.716287, -222.216579, 0.387707, -9.904544
25.100000, 38.754907, -223.207033, 0.386203, -9.904544
25.200000, 38.793378, -224.197488, 0.384712, -9.904544
25.300000, 38.831701, -225.187942, 0.383232, -9.904544
25.400000, 38.869878, -226.178397, 0.381763, -9.904544
25.500000, 38.907908, -227.168851, 0.380306, -9.904544
25.600000, 38.945794, -228.159305, 0.378859, -9.904544
25.700000, 38.983537, -229.149760, 0.377424, -9.904544
25.800000, 39.021137, -230.140214, 0.376000, -9.904544
25.900000, 39.058595, -231.130669, 0.374586, -9.904544
26.000000, 39.095913, -232.121123, 0.373183, -9.904544
26.100000, 39.133092, -233.111578, 0.371790, -9.904544
26.200000, 39.170133, -234.102032, 0.370408, -9.904544
26.300000, 39.207037, -235.092487, 0.369036, -9.904544
26.400000, 39.243804, -236.082941, 0.367674, -9.904544
26.500000, 39.280436, -237.073395, 0.366322, -9.904544
26.600000, 39.316934, -238.063850, 0.364980, -9.904544
26.700000, 39.353299, -239.054304, 0.363648, -9.904544
26.800000, 39.389532, -240.044759, 0.362326, -9.904544
26.900000, 39.425633, -241.035213, 0.361013, -9.904544
27.000000, 39.461604, -242.025668, 0.359709, -9.904544
27.100000, 39.497446, -243.016122, 0.358416, -9.904544
27.200000, 39.533159, -244.006576, 0.357131, -9.904544
27.300000, 39.568744, -244.997031, 0.355856, -9.904544
27.400000, 39.604203, -245.987485, 0.354589, -9.904544
27.500000, 39.639536, -246.977940, 0.353332, -9.904544
27.600000, 39.674745, -247.968394, 0.352083, -9.904544
27.700000, 39.709829, -248.958849, 0.350844, -9.904544
27.800000, 39.744790, -249.949303, 0.349613, -9.904544
27.900000, 39.779629, -250.939758, 0.348391, -9.904544
28.000000, 39.814347, -251.930212, 0.347177, -9.904544
28.100000, 39.848944, -252.920666, 0.345972, -9.904544
28.200000, 39.883422, -253.911121, 0.344775, -9.904544
28.300000, 39.917780, -254.901575, 0.343586, -9.904544
28.400000, 39.952021, -255.892030, 0.342405, -9.904544
28.500000, 39.986144, -256.882484, 0.341233, -9.904544
28.600000, 40.020151, -257.872939, 0.340069, -9.904544
28.700000, 40.054042, -258.863393, 0.338912, -9.904544
28.800000, 40.087818, -259.853848, 0.337763, -9.904544
28.900000, 40.121481, -260.844302, 0.336623, -9.904544
29.000000, 40.155030, -261.834756, 0.335489, -9.904544
29.100000, 40.188466, -262.825211, 0.334364, -9.904544
29.200000, 40.221791, -263.815665, 0.333246, -9.904544
29.300000, 40.255004, -264.806120, 0.332135, -9.904544
29.400000, 40.288107, -265.796574, 0.331032, -9.904544
29.500000, 40.321101, -266.787029, 0.329936, -9.904544
29.600000, 40.353986, -267.777483, 0.328848, -9.904544
29.700000, 40.386763, -268.767937, 0.327766, -9.904544
29.800000, 40.419432, -269.758392, 0.326692, -9.904544
29.900000, 40.451994, -270.748846, 0.325625, -9.904544
30.000000, 40.484451, -271.739301, 0.324565, -9.904544
30.100000, 40.516802, -272.729755, 0.323511, -9.904544
30.200000, 40.549048, -273.720210, 0.322465, -9.904544
30.300000, 40.581191, -274.710664, 0.321425, -9.904544
30.400000, 40.613230, -275.701119, 0.320392, -9.904544
30.500000, 40.645166, -276.691573, 0.319365, -9.904544
30.600000, 40.677001, -277.682027, 0.318345, -9.904544
30.700000, 40.708734, -278.672482, 0.317332, -9.904544
30.800000, 40.740367, -279.662936, 0.316325, -9.904544
30.900000, 40.771899, -280.653391, 0.315324, -9.904544
31.000000, 40.803332, -281.643845, 0.314330, -9.904544
31.100000, 40.834666, -282.634300, 0.313342, -9.904544
31.200000, 40.865902, -283.624754, 0.312360, -9.904544
31.300000, 40.897040, -284.615209, 0.311384, -9.904544
31.400000, 40.928082, -285.605663, 0.310415, -9.904544
31.500000, 40.959027, -286.596117, 0.309451, -9.904544
31.600000, 40.989876, -287.586572, 0.308493, -9.904544
31.700000, 41.020631, -288.577026, 0.307542, -9.904544
31.800000, 41.051290, -289.567481, 0.306596, -9.904544
31.900000, 41.081856, -290.557935, 0.305656, -9.904544
32.000000, 41.112328, -291.548390, 0.304722, -9.904544
32.100000, 41.142707, -292.538844, 0.303793, -9.904544
32.200000, 41.172994, -293.529299, 0.302870, -9.904544
32.300000, 41.203190, -294.519753, 0.301953, -9.904544
32.400000, 41.233294, -295.510207, 0.301041, -9.904544
32.500000, 41.263307, -296.500662, 0.300135, -9.904544
32.600000, 41.293231, -297.491116, 0.299234, -9.904544
32.700000, 41.323064, -298.481571, 0.298339, -9.904544
32.800000, 41.352809, -299.472025, 0.297449, -9.904544
32.900000, 41.382466, -300.462480, 0.296564, -9.904544
33.000000, 41.412034, -301.452934, 0.295684, -9.904544
33.100000, 41.441515, -302.443388, 0.294810, -9.904544
33.200000, 41.470909, -303.433843, 0.293941, -9.904544
33.300000, 41.500217, -304.424297, 0.293077, -9.904544
33.400000, 41.529439, -305.414752, 0.292218, -9.904544
33.500000, 41.558575, -306.405206, 0.291364, -9.904544
33.600000, 41.587627, -307.395661, 0.290515, -9.904544
33.700000, 41.616594, -308.386115, 0.289671, -9.904544
33.800000, 41.645477, -309.376570, 0.288832, -9.904544
33.900000, 41.674277, -310.367024, 0.287998, -9.904544
34.000000, 41.702994, -311.357478, 0.287168, -9.904544
34.100000, 41.731628, -312.347933, 0.286344, -9.904544
34.200000, 41.760180, -313.338387, 0.285524, -9.904544
34.300000, 41.788651, -314.328842, 0.284709, -9.904544
34.400000, 41.817041, -315.319296, 0.283898, -9.904544
34.500000, 41.845350, -316.309751, 0.283092, -9.904544
34.600000, 41.873579, -317.300205, 0.282291, -9.904544
34.700000, 41.901729, -318.290660, 0.281494, -9.904544
34.800000, 41.929799, -319.281114, 0.280701, -9.904544
34.900000, 41.957790, -320.271568, 0.279913, -9.904544
35.000000, 41.985703, -321.262023, 0.279130, -9.904544
35.100000, 42.013538, -322.252477, 0.278351, -9.904544
35.200000, 42.041296, -323.242932, 0.277576, -9.904544
35.300000, 42.068976, -324.233386, 0.276805, -9.904544
35.400000, 42.096580, -325.223841, 0.276039, -9.904544
35.500000, 42.124108, -326.214295, 0.275277, -9.904544
35.600000, 42.151560, -327.204750, 0.274520, -9.904544
35.700000, 42.178937, -328.195204, 0.273766, -9.904544
35.800000, 42.206238, -329.185658, 0.273016, -9.904544
35.900000, 42.233465, -330.176113, 0.272271, -9.904544
36.000000, 42.260618, -331.166567, 0.271530, -9.904544
36.100000, 42.287698, -332.157022, 0.270792, -9.904544
36.200000, 42.314703, -333.147476, 0.270059, -9.904544
36.300000, 42.341636, -334.137931, 0.269330, -9.904544
36.400000, 42.368497, -335.128385, 0.268604, -9.904544
36.500000, 42.395285, -336.118839, 0.267883, -9.904544
36.600000, 42.422002, -337.109294, 0.267165, -9.904544
36.700000, 42.448647, -338.099748, 0.266452, -9.904544
36.800000, 42.475221, -339.090203, 0.265742, -9.904544
36.900000, 42.501725, -340.080657, 0.265035, -9.904544
37.000000, 42.528158, -341.071112, 0.264333, -9.904544
37.100000, 42.554521, -342.061566, 0.263634, -9.904544
37.200000, 42.580815, -343.052021, 0.262939, -9.904544
37.300000, 42.607040, -344.042475, 0.262248, -9.904544
37.400000, 42.633196, -345.032929, 0.261560, -9.904544
37.500000, 42.659284, -346.023384, 0.260876, -9.904544
37.600000, 42.685303, -347.013838, 0.260195, -9.904544
37.700000, 42.711255, -348.004293, 0.259518, -9.904544
37.800000, 42.737140, -348.994747, 0.258845, -9.904544
37.900000, 42.762957, -349.985202, 0.258175, -9.904544
38.000000, 42.788708, -350.975656, 0.257508, -9.904544
38.100000, 42.814392, -351.966111, 0.256845, -9.904544
38.200000, 42.840011, -352.956565, 0.256186, -9.904544
38.300000, 42.865564, -353.947019, 0.255529, -9.904544
38.400000, 42.891051, -354.937474, 0.254876, -9.904544
38.500000, 42.916474, -355.927928, 0.254227, -9.904544
38.600000, 42.941832, -356.918383, 0.253580, -9.904544
38.700000, 42.967126, -357.908837, 0.252937, -9.904544
38.800000, 42.992356, -358.899292, 0.252298, -9.904544
38.900000, 43.017522, -359.889746, 0.251661, -9.904544
39.000000, 43.042625, -360.880201, 0.251028, -9.904544
39.100000, 43.067664, -361.870655, 0.250398, -9.904544
39.200000, 43.092641, -362.861109, 0.249771, -9.904544
39.300000, 43.117556, -363.851564, 0.249147, -9.904544
39.400000, 43.142409, -364.842018, 0.248526, -9.904544
39.500000, 43.167199, -365.832473, 0.247908, -9.904544
39.600000, 43.191929, -366.822927, 0.247294, -9.904544
39.700000, 43.216597, -367.813382, 0.246682, -9.904544
39.800000, 43.241204, -368.803836, 0.246074, -9.904544
39.900000, 43.265751, -369.794290, 0.245468, -9.904544
40.000000, 43.290238, -370.784745, 0.244866, -9.904544
40.100000, 43.314664, -371.775199, 0.244266, -9.904544
40.200000, 43.339031, -372.765654, 0.243669, -9.904544
40.300000, 43.363339, -373.756108, 0.243076, -9.904544
40.400000, 43.387587, -374.746563, 0.242485, -9.904544
40.500000, 43.411777, -375.737017, 0.241897, -9.904544
40.600000, 43.435908, -376.727472, 0.241312, -9.904544
40.700000, 43.459981, -377.717926, 0.240729, -9.904544
40.800000, 43.483996, -378.708380, 0.240150, -9.904544
40.900000, 43.507953, -379.698835, 0.239573, -9.904544
41.000000, 43.531853, -380.689289, 0.238999, -9.904544
41.100000, 43.555696, -381.679744, 0.238428, -9.904544
41.200000, 43.579482, -382.670198, 0.237859, -9.904544
41.300000, 43.603211, -383.660653, 0.237294, -9.904544
41.400000, 43.626884, -384.651107, 0.236731, -9.904544
41.500000, 43.650502, -385.641562, 0.236170, -9.904544
41.600000, 43.674063, -386.632016, 0.235612, -9.904544
41.700000, 43.697568, -387.622470, 0.235057, -9.904544
41.800000, 43.721019, -388.612925, 0.234505, -9.904544
41.900000, 43.744414, -389.603379, 0.233955, -9.904544
42.000000, 43.767755, -390.593834, 0.233407, -9.904544
42.100000, 43.791041, -391.584288, 0.232863, -9.904544
42.200000, 43.814273, -392.574743, 0.232320, -9.904544
42.300000, 43.837452, -393.565197, 0.231781, -9.904544
42.400000, 43.860576, -394.555652, 0.231243, -9.904544
42.500000, 43.883647, -395.546106, 0.230709, -9.904544
42.600000, 43.906664, -396.536560, 0.230176, -9.904544
42.700000, 43.929629, -397.527015, 0.229647, -9.904544
42.800000, 43.952541, -398.517469, 0.229119, -9.904544
42.900000, 43.975400, -399.507924, 0.228594, -9.904544
43.000000, 43.998208, -400.498378, 0.228072, -9.904544
43.100000, 44.020963, -401.488833, 0.227552, -9.904544
43.200000, 44.043666, -402.479287, 0.227034, -9.904544
43.300000, 44.066318, -403.469741, 0.226518, -9.904544
43.400000, 44.088919, -404.460196, 0.226005, -9.904544
43.500000, 44.111468, -405.450650, 0.225494, -9.904544
43.600000, 44.133967, -406.441105, 0.224986, -9.904544
43.700000, 44.156415, -407.431559, 0.224480, -9.904544
43.800000, 44.178812, -408.422014, 0.223976, -9.904544
43.900000, 44.201160, -409.412468, 0.223474, -9.904544
44.000000, 44.223457, -410.402923, 0.222975, -9.904544
44.100000, 44.245705, -411.393377, 0.222478, -9.904544
44.200000, 44.267903, -412.383831, 0.221983, -9.904544
44.300000, 44.290052, -413.374286, 0.221490, -9.904544
44.400000, 44.312152, -414.364740, 0.220999, -9.904544
44.500000, 44.334203, -415.355195, 0.220511, -9.904544
44.600000, 44.356206, -416.345649, 0.220025, -9.904544
44.700000, 44.378160, -417.336104, 0.219541, -9.904544
44.800000, 44.400066, -418.326558, 0.219059, -9.904544
44.900000, 44.421923, -419.317013, 0.218579, -9.904544
45.000000, 44.443734, -420.307467, 0.218101, -9.904544
45.100000, 44.465496, -421.297921, 0.217625, -9.904544
45.200000, 44.487211, -422.288376, 0.217152, -9.904544
45.300000, 44.508879, -423.278830, 0.216680, -9.904544
45.400000, 44.530500, -424.269285, 0.216211, -9.904544
45.500000, 44.552075, -425.259739, 0.215743, -9.904544
45.600000, 44.573602, -426.250194, 0.215278, -9.904544
45.700000, 44.595084, -427.240648, 0.214814, -9.904544
45.800000, 44.616519, -428.231103, 0.214353, -9.904544
45.900000, 44.637908, -429.221557, 0.213893, -9.904544
46.000000, 44.659252, -430.212011, 0.213436, -9.904544
46.100000, 44.680550, -431.202466, 0.212980, -9.904544
46.200000, 44.701803, -432.192920, 0.212527, -9.904544
46.300000, 44.723010, -433.183375, 0.212075, -9.904544
46.400000, 44.744173, -434.173829, 0.211625, -9.904544
46.500000, 44.765291, -435.164284, 0.211177, -9.904544
46.600000, 44.786364, -436.154738, 0.210731, -9.904544
46.700000, 44.807392, -437.145192, 0.210287, -9.904544
46.800000, 44.828377, -438.135647, 0.209845, -9.904544
46.900000, 44.849317, -439.126101, 0.209405, -9.904544
47.000000, 44.870214, -440.116556, 0.208966, -9.904544
47.100000, 44.891067, -441.107010, 0.208530, -9.904544
47.200000, 44.911877, -442.097465, 0.208095, -9.904544
47.300000, 44.932643, -443.087919, 0.207662, -9.904544
47.400000, 44.953366, -444.078374, 0.207231, -9.904544
47.500000, 44.974046, -445.068828, 0.206801, -9.904544
47.600000, 44.994683, -446.059282, 0.206373, -9.904544
47.700000, 45.015278, -447.049737, 0.205948, -9.904544
47.800000, 45.035830, -448.040191, 0.205523, -9.904544
47.900000, 45.056340, -449.030646, 0.205101, -9.904544
48.000000, 45.076808, -450.021100, 0.204680, -9.904544
48.100000, 45.097235, -451.011555, 0.204261, -9.904544
48.200000, 45.117619, -452.002009, 0.203844, -9.904544
48.300000, 45.137962, -452.992464, 0.203429, -9.904544
48.400000, 45.158263, -453.982918, 0.203015, -9.904544
48.500000, 45.178524, -454.973372, 0.202603, -9.904544
48.600000, 45.198743, -455.963827, 0.202192, -9.904544
48.700000, 45.218921, -456.954281, 0.201783, -9.904544
48.800000, 45.239059, -457.944736, 0.201376, -9.904544
48.900000, 45.259156, -458.935190, 0.200971, -9.904544
49.000000, 45.279212, -459.925645, 0.200567, -9.904544
49.100000, 45.299229, -460.916099, 0.200165, -9.904544
49.200000, 45.319205, -461.906554, 0.199764, -9.904544
49.300000, 45.339142, -462.897008, 0.199365, -9.904544
49.400000, 45.359039, -463.887462, 0.198967, -9.904544
49.500000, 45.378896, -464.877917, 0.198571, -9.904544
49.600000, 45.398713, -465.868371, 0.198177, -9.904544
49.700000, 45.418492, -466.858826, 0.197784, -9.904544
49.800000, 45.438231, -467.849280, 0.197393, -9.904544
49.900000, 45.457932, -468.839735, 0.197004, -9.904544
50.000000, 45.477593, -469.830189, 0.196615, -9.904544
50.100000, 45.497216, -470.820643, 0.196229, -9.904544
50.200000, 45.516800, -471.811098, 0.195844, -9.904544
50.300000, 45.536346, -472.801552, 0.195460, -9.904544
50.400000, 45.555854, -473.792007, 0.195078, -9.904544
50.500000, 45.575324, -474.782461, 0.194698, -9.904544
50.600000, 45.594756, -475.772916, 0.194319, -9.904544
50.700000, 45.614150, -476.763370, 0.193941, -9.904544
50.800000, 45.633506, -477.753825, 0.193565, -9.904544
50.900000, 45.652825, -478.744279, 0.193190, -9.904544
51.000000, 45.672107, -479.734733, 0.192817, -9.904544
51.100000, 45.691352, -480.725188, 0.192445, -9.904544
51.200000, 45.710559, -481.715642, 0.192075, -9.904544
51.300000, 45.729730, -482.706097, 0.191706, -9.904544
51.400000, 45.748864, -483.696551, 0.191338, -9.904544
51.500000, 45.767961, -484.687006, 0.190972, -9.904544
51.600000, 45.787022, -485.677460, 0.190608, -9.904544
51.700000, 45.806046, -486.667915, 0.190244, -9.904544
51.800000, 45.825034, -487.658369, 0.189882, -9.904544
51.900000, 45.843986, -488.648823, 0.189522, -9.904544
52.000000, 45.862903, -489.639278, 0.189163, -9.904544
52.100000, 45.881783, -490.629732, 0.188805, -9.904544
52.200000, 45.900628, -491.620187, 0.188448, -9.904544
52.300000, 45.919437, -492.610641, 0.188093, -9.904544
52.400000, 45.938211, -493.601096, 0.187739, -9.904544
52.500000, 45.956950, -494.591550, 0.187387, -9.904544
52.600000, 45.975653, -495.582005, 0.187036, -9.904544
52.700000, 45.994322, -496.572459, 0.186686, -9.904544
52.800000, 46.012956, -497.562913, 0.186337, -9.904544
52.900000, 46.031555, -498.553368, 0.185990, -9.904544
53.000000, 46.050119, -499.543822, 0.185644, -9.904544
53.100000, 46.068649, -500.534277, 0.185300, -9.904544
53.200000, 46.087145, -501.524731, 0.184956, -9.904544
53.300000, 46.105606, -502.515186, 0.184614, -9.904544
53.400000, 46.124034, -503.505640, 0.184273, -9.904544
53.500000, 46.142427, -504.496094, 0.183934, -9.904544
53.600000, 46.160787, -505.486549, 0.183596, -9.904544
53.700000, 46.179112, -506.477003, 0.183258, -9.904544
53.800000, 46.197405, -507.467458, 0.182923, -9.904544
53.900000, 46.215664, -508.457912, 0.182588, -9.904544
54.000000, 46.233889, -509.448367, 0.182255, -9.904544
54.100000, 46.252081, -510.438821, 0.181922, -9.904544
54.200000, 46.270240, -511.429276, 0.181592, -9.904544
54.300000, 46.288367, -512.419730, 0.181262, -9.904544
54.400000, 46.306460, -513.410184, 0.180933, -9.904544
54.500000, 46.324520, -514.400639, 0.180606, -9.904544
54.600000, 46.342548, -515.391093, 0.180280, -9.904544
54.700000, 46.360544, -516.381548, 0.179955, -9.904544
54.800000, 46.378507, -517.372002, 0.179631, -9.904544
54.900000, 46.396438, -518.362457, 0.179308, -9.904544
55.000000, 46.414336, -519.352911, 0.178987, -9.904544
55.100000, 46.432203, -520.343366, 0.178666, -9.904544
55.200000, 46.450038, -521.333820, 0.178347, -9.904544
55.300000, 46.467841, -522.324274, 0.178029, -9.904544
55.400000, 46.485612, -523.314729, 0.177712, -9.904544
55.500000, 46.503351, -524.305183, 0.177396, -9.904544
55.600000, 46.521060, -525.295638, 0.177081, -9.904544
55.700000, 46.538736, -526.286092, 0.176768, -9.904544
55.800000, 46.556382, -527.276547, 0.176455, -9.904544
55.900000, 46.573996, -528.267001, 0.176144, -9.904544
56.000000, 46.591580, -529.257456, 0.175834, -9.904544
56.100000, 46.609132, -530.247910, 0.175525, -9.904544
56.200000, 46.626654, -531.238364, 0.175217, -9.904544
56.300000, 46.644145, -532.228819, 0.174910, -9.904544
56.400000, 46.661605, -533.219273, 0.174604, -9.904544
56.500000, 46.679035, -534.209728, 0.174299, -9.904544
56.600000, 46.696435, -535.200182, 0.173995, -9.904544
56.700000, 46.713804, -536.190637, 0.173692, -9.904544
56.800000, 46.731143, -537.181091, 0.173391, -9.904544
56.900000, 46.748452, -538.171545, 0.173090, -9.904544
57.000000, 46.765731, -539.162000, 0.172790, -9.904544
57.100000, 46.782980, -540.152454, 0.172492, -9.904544
57.200000, 46.800199, -541.142909, 0.172194, -9.904544
57.300000, 46.817389, -542.133363, 0.171898, -9.904544
57.400000, 46.834549, -543.123818, 0.171602, -9.904544
57.500000, 46.851680, -544.114272, 0.171308, -9.904544
57.600000, 46.868782, -545.104727, 0.171014, -9.904544
57.700000, 46.885854, -546.095181, 0.170722, -9.904544
57.800000, 46.902897, -547.085635, 0.170430, -9.904544
57.900000, 46.919911, -548.076090, 0.170140, -9.904544
58.000000, 46.936896, -549.066544, 0.169850, -9.904544
58.100000, 46.953852, -550.056999, 0.169562, -9.904544
58.200000, 46.970779, -551.047453, 0.169274, -9.904544
58.300000, 46.987678, -552.037908, 0.168988, -9.904544
58.400000, 47.004548, -553.028362, 0.168702, -9.904544
58.500000, 47.021390, -554.018817, 0.168418, -9.904544
58.600000, 47.038204, -555.009271, 0.168134, -9.904544
58.700000, 47.054989, -555.999725, 0.167851, -9.904544
58.800000, 47.071746, -556.990180, 0.167570, -9.904544
58.900000, 47.088475, -557.980634, 0.167289, -9.904544
59.000000, 47.105176, -558.971089, 0.167009, -9.904544
59.100000, 47.121849, -559.961543, 0.166730, -9.904544
59.200000, 47.138494, -560.951998, 0.166452, -9.904544
59.300000, 47.155111, -561.942452, 0.166175, -9.904544
59.400000, 47.171701, -562.932907, 0.165899, -9.904544
59.500000, 47.188263, -563.923361, 0.165624, -9.904544
59.600000, 47.204798, -564.913815, 0.165349, -9.904544
59.700000, 47.221306, -565.904270, 0.165076, -9.904544
59.800000, 47.237786, -566.894724, 0.164803, -9.904544
59.900000, 47.254239, -567.885179, 0.164532, -9.904544
60.000000, 47.270666, -568.875633, 0.164261, -9.904544
60.100000, 47.287065, -569.866088, 0.163991, -9.904544
60.200000, 47.303437, -570.856542, 0.163722, -9.904544
60.300000, 47.319782, -571.846996, 0.163454, -9.904544
60.400000, 47.336101, -572.837451, 0.163187, -9.904544
60.500000, 47.352393, -573.827905, 0.162921, -9.904544
60.600000, 47.368659, -574.818360, 0.162655, -9.904544
60.700000, 47.384898, -575.808814, 0.162391, -9.904544
60.800000, 47.401110, -576.799269, 0.162127, -9.904544
60.900000, 47.417297, -577.789723, 0.161864, -9.904544
61.000000, 47.433457, -578.780178, 0.161602, -9.904544
61.100000, 47.449591, -579.770632, 0.161341, -9.904544
61.200000, 47.465699, -580.761086, 0.161081, -9.904544
61.300000, 47.481781, -581.751541, 0.160821, -9.904544
61.400000, 47.497838, -582.741995, 0.160563, -9.904544
61.500000, 47.513868, -583.732450, 0.160305, -9.904544
61.600000, 47.529873, -584.722904, 0.160048, -9.904544
61.700000, 47.545852, -585.713359, 0.159792, -9.904544
61.800000, 47.561806, -586.703813, 0.159536, -9.904544
61.900000, 47.577734, -587.694268, 0.159282, -9.904544
62.000000, 47.593637, -588.684722, 0.159028, -9.904544
62.100000, 47.609514, -589.675176, 0.158775, -9.904544
62.200000, 47.625367, -590.665631, 0.158523, -9.904544
62.300000, 47.641194, -591.656085, 0.158272, -9.904544
62.400000, 47.656996, -592.646540, 0.158021, -9.904544
62.500000, 47.672773, -593.636994, 0.157772, -9.904544
62.600000, 47.688525, -594.627449, 0.157523, -9.904544
62.700000, 47.704253, -595.617903, 0.157275, -9.904544
62.800000, 47.719956, -596.608358, 0.157027, -9.904544
62.900000, 47.735634, -597.598812, 0.156781, -9.904544
63.000000, 47.751287, -598.589266, 0.156535, -9.904544
63.100000, 47.766916, -599.579721, 0.156290, -9.904544
63.200000, 47.782521, -600.570175, 0.156046, -9.904544
63.300000, 47.798101, -601.560630, 0.155802, -9.904544
63.400000, 47.813657, -602.551084, 0.155559, -9.904544
63.500000, 47.829189, -603.541539, 0.155317, -9.904544
63.600000, 47.844696, -604.531993, 0.155076, -9.904544
63.700000, 47.860180, -605.522447, 0.154836, -9.904544
63.800000, 47.875639, -606.512902, 0.154596, -9.904544
63.900000, 47.891075, -607.503356, 0.154357, -9.904544
64.000000, 47.906487, -608.493811, 0.154119, -9.904544
64.100000, 47.921875, -609.484265, 0.153881, -9.904544
64.200000, 47.937240, -610.474720, 0.153644, -9.904544
64.300000, 47.952580, -611.465174, 0.153408, -9.904544
64.400000, 47.967898, -612.455629, 0.153173, -9.904544
64.500000, 47.983191, -613.446083, 0.152938, -9.904544
64.600000, 47.998462, -614.436537, 0.152704, -9.904544
64.700000, 48.013709, -615.426992, 0.152471, -9.904544
64.800000, 48.028933, -616.417446, 0.152239, -9.904544
64.900000, 48.044134, -617.407901, 0.152007, -9.904544
65.000000, 48.059311, -618.398355, 0.151776, -9.904544
65.100000, 48.074466, -619.388810, 0.151546, -9.904544
65.200000, 48.089597, -620.379264, 0.151316, -9.904544
65.300000, 48.104706, -621.369719, 0.151087, -9.904544
65.400000, 48.119792, -622.360173, 0.150859, -9.904544
65.500000, 48.134855, -623.350627, 0.150631, -9.904544
65.600000, 48.149895, -624.341082, 0.150404, -9.904544
65.700000, 48.164913, -625.331536, 0.150178, -9.904544
65.800000, 48.179908, -626.321991, 0.149952, -9.904544
65.900000, 48.194881, -627.312445, 0.149728, -9.904544
66.000000, 48.209832, -628.302900, 0.149503, -9.904544
66.100000, 48.224760, -629.293354, 0.149280, -9.904544
66.200000, 48.239665, -630.283809, 0.149057, -9.904544
66.300000, 48.254549, -631.274263, 0.148835, -9.904544
66.400000, 48.269410, -632.264717, 0.148613, -9.904544
66.500000, 48.284249, -633.255172, 0.148392, -9.904544
66.600000, 48.299067, -634.245626, 0.148172, -9.904544
66.700000, 48.313862, -635.236081, 0.147953, -9.904544
66.800000, 48.328635, -636.226535, 0.147734, -9.904544
66.900000, 48.343387, -637.216990, 0.147516, -9.904544
67.000000, 48.358117, -638.207444, 0.147298, -9.904544
67.100000, 48.372825, -639.197898, 0.147081, -9.904544
67.200000, 48.387511, -640.188353, 0.146865, -9.904544
67.300000, 48.402176, -641.178807, 0.146649, -9.904544
67.400000, 48.416819, -642.169262, 0.146434, -9.904544
67.500000, 48.431441, -643.159716, 0.146219, -9.904544
67.600000, 48.446042, -644.150171, 0.146006, -9.904544
67.700000, 48.460621, -645.140625, 0.145793, -9.904544
67.800000, 48.475179, -646.131080, 0.145580, -9.904544
67.900000, 48.489716, -647.121534, 0.145368, -9.904544
68.000000, 48.504232, -648.111988, 0.145157, -9.904544
68.100000, 48.518726, -649.102443, 0.144946, -9.904544
68.200000, 48.533200, -650.092897, 0.144736, -9.904544
68.300000, 48.547652, -651.083352, 0.144526, -9.904544
68.400000, 48.562084, -652.073806, 0.144318, -9.904544
68.500000, 48.576495, -653.064261, 0.144109, -9.904544
68.600000, 48.590885, -654.054715, 0.143902, -9.904544
68.700000, 48.605255, -655.045170, 0.143695, -9.904544
68.800000, 48.619604, -656.035624, 0.143488, -9.904544
68.900000, 48.633932, -657.026078, 0.143282, -9.904544
69.000000, 48.648239, -658.016533, 0.143077, -9.904544
69.100000, 48.662527, -659.006987, 0.142872, -9.904544
69.200000, 48.676793, -659.997442, 0.142668, -9.904544
69.300000, 48.691040, -660.987896, 0.142464, -9.904544
69.400000, 48.705266, -661.978351, 0.142262, -9.904544
69.500000, 48.719472, -662.968805, 0.142059, -9.904544
69.600000, 48.733658, -663.959260, 0.141857, -9.904544
69.700000, 48.747823, -664.949714, 0.141656, -9.904544
69.800000, 48.761969, -665.940168, 0.141455, -9.904544
69.900000, 48.776094, -666.930623, 0.141255, -9.904544
70.000000, 48.790200, -667.921077, 0.141056, -9.904544
70.100000, 48.804286, -668.911532, 0.140857, -9.904544
70.200000, 48.818351, -669.901986, 0.140658, -9.904544
70.300000, 48.832398, -670.892441, 0.140461, -9.904544
70.400000, 48.846424, -671.882895, 0.140263, -9.904544
70.500000, 48.860431, -672.873349, 0.140067, -9.904544
70.600000, 48.874418, -673.863804, 0.139870, -9.904544
70.700000, 48.888385, -674.854258, 0.139675, -9.904544
70.800000, 48.902333, -675.844713, 0.139480, -9.904544
70.900000, 48.916261, -676.835167, 0.139285, -9.904544
71.000000, 48.930171, -677.825622, 0.139091, -9.904544
71.100000, 48.944060, -678.816076, 0.138898, -9.904544
71.200000, 48.957931, -679.806531, 0.138705, -9.904544
71.300000, 48.971782, -680.796985, 0.138512, -9.904544
71.400000, 48.985614, -681.787439, 0.138320, -9.904544
71.500000, 48.999427, -682.777894, 0.138129, -9.904544
71.600000, 49.013221, -683.768348, 0.137938, -9.904544
71.700000, 49.026996, -684.758803, 0.137748, -9.904544
71.800000, 49.040751, -685.749257, 0.137558, -9.904544
71.900000, 49.054488, -686.739712, 0.137369, -9.904544
72.000000, 49.068206, -687.730166, 0.137180, -9.904544
72.100000, 49.081906, -688.720621, 0.136992, -9.904544
72.200000, 49.095586, -689.711075, 0.136805, -9.904544
72.300000, 49.109248, -690.701529, 0.136617, -9.904544
72.400000, 49.122891, -691.691984, 0.136431, -9.904544
72.500000, 49.136515, -692.682438, 0.136245, -9.904544
72.600000, 49.150121, -693.672893, 0.136059, -9.904544
72.700000, 49.163709, -694.663347, 0.135874, -9.904544
72.800000, 49.177278, -695.653802, 0.135689, -9.904544
72.900000, 49.190828, -696.644256, 0.135505, -9.904544
73.000000, 49.204360, -697.634711, 0.135321, -9.904544
73.100000, 49.217874, -698.625165, 0.135138, -9.904544
73.200000, 49.231370, -699.615619, 0.134956, -9.904544
73.300000, 49.244847, -700.606074, 0.134774, -9.904544
73.400000, 49.258306, -701.596528, 0.134592, -9.904544
73.500000, 49.271747, -702.586983, 0.134411, -9.904544
73.600000, 49.285170, -703.577437, 0.134230, -9.904544
73.700000, 49.298575, -704.567892, 0.134050, -9.904544
73.800000, 49.311962, -705.558346, 0.133870, -9.904544
73.900000, 49.325331, -706.548800, 0.133691, -9.904544
74.000000, 49.338683, -707.539255, 0.133512, -9.904544
74.100000, 49.352016, -708.529709, 0.133334, -9.904544
74.200000, 49.365332, -709.520164, 0.133156, -9.904544
74.300000, 49.378630, -710.510618, 0.132979, -9.904544
74.400000, 49.391910, -711.501073, 0.132802, -9.904544
74.500000, 49.405172, -712.491527, 0.132626, -9.904544
74.600000, 49.418417, -713.481982, 0.132450, -9.904544
74.700000, 49.431645, -714.472436, 0.132274, -9.904544
74.800000, 49.444855, -715.462890, 0.132100, -9.904544
74.900000, 49.458047, -716.453345, 0.131925, -9.904544
75.000000, 49.471222, -717.443799, 0.131751, -9.904544
75.100000, 49.484380, -718.434254, 0.131577, -9.904544
75.200000, 49.497521, -719.424708, 0.131404, -9.904544
75.300000, 49.510644, -720.415163, 0.131232, -9.904544
75.400000, 49.523750, -721.405617, 0.131059, -9.904544
75.500000, 49.536838, -722.396072, 0.130888, -9.904544
75.600000, 49.549910, -723.386526, 0.130716, -9.904544
75.700000, 49.562965, -724.376980, 0.130545, -9.904544
75.800000, 49.576002, -725.367435, 0.130375, -9.904544
75.900000, 49.589023, -726.357889, 0.130205, -9.904544
76.000000, 49.602026, -727.348344, 0.130035, -9.904544
76.100000, 49.615013, -728.338798, 0.129866, -9.904544
76.200000, 49.627983, -729.329253, 0.129698, -9.904544
76.300000, 49.640936, -730.319707, 0.129530, -9.904544
76.400000, 49.653872, -731.310162, 0.129362, -9.904544
76.500000, 49.666791, -732.300616, 0.129194, -9.904544
76.600000, 49.679694, -733.291070, 0.129028, -9.904544
76.700000, 49.692580, -734.281525, 0.128861, -9.904544
76.800000, 49.705449, -735.271979, 0.128695, -9.904544
76.900000, 49.718302, -736.262434, 0.128529, -9.904544
77.000000, 49.731139, -737.252888, 0.128364, -9.904544
77.100000, 49.743959, -738.243343, 0.128199, -9.904544
77.200000, 49.756762, -739.233797, 0.128035, -9.904544
77.300000, 49.769549, -740.224251, 0.127871, -9.904544
77.400000, 49.782320, -741.214706, 0.127708, -9.904544
77.500000, 49.795075, -742.205160, 0.127544, -9.904544
77.600000, 49.807813, -743.195615, 0.127382, -9.904544
77.700000, 49.820535, -744.186069, 0.127220, -9.904544
77.800000, 49.833241, -745.176524, 0.127058, -9.904544
77.900000, 49.845930, -746.166978, 0.126896, -9.904544
78.000000, 49.858604, -747.157433, 0.126735, -9.904544
78.100000, 49.871261, -748.147887, 0.126575, -9.904544
78.200000, 49.883903, -749.138341, 0.126414, -9.904544
78.300000, 49.896528, -750.128796, 0.126255, -9.904544
78.400000, 49.909138, -751.119250, 0.126095, -9.904544
78.500000, 49.921731, -752.109705, 0.125936, -9.904544
78.600000, 49.934309, -753.100159, 0.125778, -9.904544
78.700000, 49.946871, -754.090614, 0.125619, -9.904544
78.800000, 49.959417, -755.081068, 0.125462, -9.904544
78.900000, 49.971947, -756.071523, 0.125304, -9.904544
79.000000, 49.984462, -757.061977, 0.125147, -9.904544
79.100000, 49.996961, -758.052431, 0.124991, -9.904544
79.200000, 50.009445, -759.042886, 0.124834, -9.904544
79.300000, 50.021913, -760.033340, 0.124679, -9.904544
79.400000, 50.034365, -761.023795, 0.124523, -9.904544
79.500000, 50.046802, -762.014249, 0.124368, -9.904544
79.600000, 50.059223, -763.004704, 0.124213, -9.904544
79.700000, 50.071629, -763.995158, 0.124059, -9.904544
79.800000, 50.084019, -764.985613, 0.123905, -9.904544
79.900000, 50.096395, -765.976067, 0.123752, -9.904544
80.000000, 50.108754, -766.966521, 0.123598, -9.904544
80.100000, 50.121099, -767.956976, 0.123446, -9.904544
80.200000, 50.133428, -768.947430, 0.123293, -9.904544
80.300000, 50.145742, -769.937885, 0.123141, -9.904544
80.400000, 50.158041, -770.928339, 0.122990, -9.904544
80.500000, 50.170325, -771.918794, 0.122838, -9.904544
80.600000, 50.182594, -772.909248, 0.122687, -9.904544
80.700000, 50.194848, -773.899702, 0.122537, -9.904544
80.800000, 50.207086, -774.890157, 0.122387, -9.904544
80.900000, 50.219310, -775.880611, 0.122237, -9.904544
81.000000, 50.231519, -776.871066, 0.122088, -9.904544
81.100000, 50.243713, -777.861520, 0.121939, -9.904544
81.200000, 50.255892, -778.851975, 0.121790, -9.904544
81.300000, 50.268056, -779.842429, 0.121642, -9.904544
81.400000, 50.280205, -780.832884, 0.121494, -9.904544
81.500000, 50.292340, -781.823338, 0.121346, -9.904544
81.600000, 50.304460, -782.813792, 0.121199, -9.904544
81.700000, 50.316565, -783.804247, 0.121052, -9.904544
81.800000, 50.328655, -784.794701, 0.120905, -9.904544
81.900000, 50.340731, -785.785156, 0.120759, -9.904544
82.000000, 50.352793, -786.775610, 0.120613, -9.904544
82.100000, 50.364839, -787.766065, 0.120468, -9.904544
82.200000, 50.376872, -788.756519, 0.120323, -9.904544
82.300000, 50.388889, -789.746974, 0.120178, -9.904544
82.400000, 50.400893, -790.737428, 0.120033, -9.904544
82.500000, 50.412882, -791.727882, 0.119889, -9.904544
82.600000, 50.424856, -792.718337, 0.119746, -9.904544
82.700000, 50.436817, -793.708791, 0.119602, -9.904544
82.800000, 50.448762, -794.699246, 0.119459, -9.904544
82.900000, 50.460694, -795.689700, 0.119317, -9.904544
83.000000, 50.472612, -796.680155, 0.119174, -9.904544
83.100000, 50.484515, -797.670609, 0.119032, -9.904544
83.200000, 50.496404, -798.661064, 0.118890, -9.904544
83.300000, 50.508279, -799.651518, 0.118749, -9.904544
83.400000, 50.520139, -800.641972, 0.118608, -9.904544
83.500000, 50.531986, -801.632427, 0.118467, -9.904544
83.600000, 50.543819, -802.622881, 0.118327, -9.904544
83.700000, 50.555638, -803.613336, 0.118187, -9.904544
83.800000, 50.567442, -804.603790, 0.118047, -9.904544
83.900000, 50.579233, -805.594245, 0.117908, -9.904544
84.000000, 50.591010, -806.584699, 0.117769, -9.904544
84.100000, 50.602773, -807.575153, 0.117630, -9.904544
84.200000, 50.614522, -808.565608, 0.117492, -9.904544
84.300000, 50.626258, -809.556062, 0.117354, -9.904544
84.400000, 50.637979, -810.546517, 0.117216, -9.904544
84.500000, 50.649687, -811.536971, 0.117079, -9.904544
84.600000, 50.661381, -812.527426, 0.116942, -9.904544
84.700000, 50.673062, -813.517880, 0.116805, -9.904544
84.800000, 50.684729, -814.508335, 0.116669, -9.904544
84.900000, 50.696382, -815.498789, 0.116532, -9.904544
85.000000, 50.708022, -816.489243, 0.116397, -9.904544
85.100000, 50.719648, -817.479698, 0.116261, -9.904544
85.200000, 50.731260, -818.470152, 0.116126, -9.904544
85.300000, 50.742859, -819.460607, 0.115991, -9.904544
85.400000, 50.754445, -820.451061, 0.115857, -9.904544
85.500000, 50.766017, -821.441516, 0.115722, -9.904544
85.600000, 50.777576, -822.431970, 0.115588, -9.904544
85.700000, 50.789122, -823.422425, 0.115455, -9.904544
85.800000, 50.800654, -824.412879, 0.115322, -9.904544
85.900000, 50.812173, -825.403333, 0.115189, -9.904544
86.000000, 50.823678, -826.393788, 0.115056, -9.904544
86.100000, 50.835171, -827.384242, 0.114923, -9.904544
86.200000, 50.846650, -828.374697, 0.114791, -9.904544
86.300000, 50.858116, -829.365151, 0.114660, -9.904544
86.400000, 50.869568, -830.355606, 0.114528, -9.904544
86.500000, 50.881008, -831.346060, 0.114397, -9.904544
86.600000, 50.892435, -832.336515, 0.114266, -9.904544
86.700000, 50.903848, -833.326969, 0.114136, -9.904544
86.800000, 50.915249, -834.317423, 0.114005, -9.904544
86.900000, 50.926636, -835.307878, 0.113875, -9.904544
87.000000, 50.938011, -836.298332, 0.113746, -9.904544
87.100000, 50.949373, -837.288787, 0.113616, -9.904544
87.200000, 50.960721, -838.279241, 0.113487, -9.904544
87.300000, 50.972057, -839.269696, 0.113358, -9.904544
87.400000, 50.983380, -840.260150, 0.113230, -9.904544
87.500000, 50.994690, -841.250604, 0.113102, -9.904544
87.600000, 51.005988, -842.241059, 0.112974, -9.904544
87.700000, 51.017272, -843.231513, 0.112846, -9.904544
87.800000, 51.028544, -844.221968, 0.112719, -9.904544
87.900000, 51.039803, -845.212422, 0.112592, -9.904544
88.000000, 51.051050, -846.202877, 0.112465, -9.904544
88.100000, 51.062284, -847.193331, 0.112338, -9.904544
88.200000, 51.073505, -848.183786, 0.112212, -9.904544
88.300000, 51.084714, -849.174240, 0.112086, -9.904544
88.400000, 51.095910, -850.164694, 0.111961, -9.904544
88.500000, 51.107093, -851.155149, 0.111835, -9.904544
88.600000, 51.118264, -852.145603, 0.111710, -9.904544
88.700000, 51.129423, -853.136058, 0.111585, -9.904544
88.800000, 51.140569, -854.126512, 0.111461, -9.904544
88.900000, 51.151702, -855.116967, 0.111337, -9.904544
89.000000, 51.162824, -856.107421, 0.111213, -9.904544
89.100000, 51.173933, -857.097876, 0.111089, -9.904544
89.200000, 51.185029, -858.088330, 0.110966, -9.904544
89.300000, 51.196113, -859.078784, 0.110843, -9.904544
89.400000, 51.207185, -860.069239, 0.110720, -9.904544
89.500000, 51.218245, -861.059693, 0.110597, -9.904544
89.600000, 51.229293, -862.050148, 0.110475, -9.904544
89.700000, 51.240328, -863.040602, 0.110353, -9.904544
89.800000, 51.251351, -864.031057, 0.110231, -9.904544
89.900000, 51.262362, -865.021511, 0.110109, -9.904544
90.000000, 51.273361, -866.011966, 0.109988, -9.904544
90.100000, 51.284347, -867.002420, 0.109867, -9.904544
90.200000, 51.295322, -867.992874, 0.109747, -9.904544
90.300000, 51.306285, -868.983329, 0.109626, -9.904544
90.400000, 51.317235, -869.973783, 0.109506, -9.904544
90.500000, 51.328174, -870.964238, 0.109386, -9.904544
90.600000, 51.339101, -871.954692, 0.109266, -9.904544
90.700000, 51.350015, -872.945147, 0.109147, -9.904544
90.800000, 51.360918, -873.935601, 0.109028, -9.904544
90.900000, 51.371809, -874.926055, 0.108909, -9.904544
91.000000, 51.382688, -875.916510, 0.108790, -9.904544
91.100000, 51.393555, -876.906964, 0.108672, -9.904544
91.200000, 51.404411, -877.897419, 0.108554, -9.904544
91.300000, 51.415254, -878.887873, 0.108436, -9.904544
91.400000, 51.426086, -879.878328, 0.108318, -9.904544
91.500000, 51.436906, -880.868782, 0.108201, -9.904544
91.600000, 51.447715, -881.859237, 0.108084, -9.904544
91.700000, 51.458511, -882.849691, 0.107967, -9.904544
91.800000, 51.469296, -883.840145, 0.107851, -9.904544
91.900000, 51.480070, -884.830600, 0.107734, -9.904544
92.000000, 51.490832, -885.821054, 0.107618, -9.904544
92.100000, 51.501582, -886.811509, 0.107502, -9.904544
92.200000, 51.512321, -887.801963, 0.107387, -9.904544
92.300000, 51.523048, -888.792418, 0.107272, -9.904544
92.400000, 51.533763, -889.782872, 0.107157, -9.904544
92.500000, 51.544468, -890.773327, 0.107042, -9.904544
92.600000, 51.555160, -891.763781, 0.106927, -9.904544
92.700000, 51.565842, -892.754235, 0.106813, -9.904544
92.800000, 51.576511, -893.744690, 0.106699, -9.904544
92.900000, 51.587170, -894.735144, 0.106585, -9.904544
93.000000, 51.597817, -895.725599, 0.106471, -9.904544
93.100000, 51.608453, -896.716053, 0.106358, -9.904544
93.200000, 51.619077, -897.706508, 0.106245, -9.904544
93.300000, 51.629690, -898.696962, 0.106132, -9.904544
93.400000, 51.640292, -899.687417, 0.106019, -9.904544
93.500000, 51.650883, -900.677871, 0.105907, -9.904544
93.600000, 51.661463, -901.668325, 0.105795, -9.904544
93.700000, 51.672031, -902.658780, 0.105683, -9.904544
93.800000, 51.682588, -903.649234, 0.105571, -9.904544
93.900000, 51.693134, -904.639689, 0.105460, -9.904544
94.000000, 51.703669, -905.630143, 0.105348, -9.904544
94.100000, 51.714192, -906.620598, 0.105237, -9.904544
94.200000, 51.724705, -907.611052, 0.105127, -9.904544
94.300000, 51.735207, -908.601506, 0.105016, -9.904544
94.400000, 51.745697, -909.591961, 0.104906, -9.904544
94.500000, 51.756177, -910.582415, 0.104796, -9.904544
94.600000, 51.766645, -911.572870, 0.104686, -9.904544
94.700000, 51.777103, -912.563324, 0.104576, -9.904544
94.800000, 51.787550, -913.553779, 0.104467, -9.904544
94.900000, 51.797986, -914.544233, 0.104358, -9.904544
95.000000, 51.808410, -915.534688, 0.104249, -9.904544
95.100000, 51.818825, -916.525142, 0.104140, -9.904544
95.200000, 51.829228, -917.515596, 0.104032, -9.904544
95.300000, 51.839620, -918.506051, 0.103924, -9.904544
95.400000, 51.850002, -919.496505, 0.103816, -9.904544
95.500000, 51.860372, -920.486960, 0.103708, -9.904544
95.600000, 51.870732, -921.477414, 0.103600, -9.904544
95.700000, 51.881082, -922.467869, 0.103493, -9.904544
95.800000, 51.891420, -923.458323, 0.103386, -9.904544
95.900000, 51.901748, -924.448778, 0.103279, -9.904544
96.000000, 51.912065, -925.439232, 0.103172, -9.904544
96.100000, 51.922372, -926.429686, 0.103066, -9.904544
96.200000, 51.932668, -927.420141, 0.102960, -9.904544
96.300000, 51.942953, -928.410595, 0.102854, -9.904544
96.400000, 51.953228, -929.401050, 0.102748, -9.904544
96.500000, 51.963492, -930.391504, 0.102642, -9.904544
96.600000, 51.973746, -931.381959, 0.102537, -9.904544
96.700000, 51.983989, -932.372413, 0.102432, -9.904544
96.800000, 51.994222, -933.362868, 0.102327, -9.904544
96.900000, 52.004444, -934.353322, 0.102222, -9.904544
97.000000, 52.014656, -935.343776, 0.102118, -9.904544
97.100000, 52.024857, -936.334231, 0.102013, -9.904544
97.200000, 52.035048, -937.324685, 0.101909, -9.904544
97.300000, 52.045229, -938.315140, 0.101805, -9.904544
97.400000, 52.055399, -939.305594, 0.101702, -9.904544
97.500000, 52.065559, -940.296049, 0.101598, -9.904544
97.600000, 52.075708, -941.286503, 0.101495, -9.904544
97.700000, 52.085847, -942.276957, 0.101392, -9.904544
97.800000, 52.095976, -943.267412, 0.101289, -9.904544
97.900000, 52.106095, -944.257866, 0.101187, -9.904544
98.000000, 52.116204, -945.248321, 0.101084, -9.904544
98.100000, 52.126302, -946.238775, 0.100982, -9.904544
98.200000, 52.136390, -947.229230, 0.100880, -9.904544
98.300000, 52.146468, -948.219684, 0.100778, -9.904544
98.400000, 52.156535, -949.210139, 0.100677, -9.904544
98.500000, 52.166593, -950.200593, 0.100576, -9.904544
98.600000, 52.176640, -951.191047, 0.100474, -9.904544
98.700000, 52.186678, -952.181502, 0.100373, -9.904544
98.800000, 52.196705, -953.171956, 0.100273, -9.904544
98.900000, 52.206722, -954.162411, 0.100172, -9.904544
99.000000, 52.216729, -955.152865, 0.100072, -9.904544
99.100000, 52.226726, -956.143320, 0.099972, -9.904544
99.200000, 52.236714, -957.133774, 0.099872, -9.904544
99.300000, 52.246691, -958.124229, 0.099772, -9.904544
99.400000, 52.256658, -959.114683, 0.099672, -9.904544
99.500000, 52.266615, -960.105137, 0.099573, -9.904544
99.600000, 52.276563, -961.095592, 0.099474, -9.904544
99.700000, 52.286500, -962.086046, 0.099375, -9.904544
99.800000, 52.296428, -963.076501, 0.099276, -9.904544
99.900000, 52.306346, -964.066955, 0.099178, -9.904544
100.000000, 52.316254, -965.057410, 0.099079, -9.904544
