0.000000, 1.570796, 1.000000, 0.000000, 0.000000, 0.000000
0.010000, 1.570796, 1.000000, -0.001000, 0.000000, -0.100000
0.020000, 1.569796, 1.000000, -0.003000, -0.000000, -0.200000
0.030000, 1.567796, 1.000000, -0.006000, -0.000000, -0.300000
0.040000, 1.564796, 1.000000, -0.010000, -0.000001, -0.400000
0.050000, 1.560797, 1.000000, -0.015000, -0.000004, -0.500000
0.060000, 1.555797, 1.000000, -0.021000, -0.000009, -0.600000
0.070000, 1.549799, 1.000000, -0.028000, -0.000020, -0.700000
0.080000, 1.542804, 0.999999, -0.036000, -0.000040, -0.799999
0.090000, 1.534812, 0.999999, -0.045000, -0.000072, -0.899998
0.100000, 1.525827, 0.999997, -0.055000, -0.000123, -0.999996
0.110000, 1.515852, 0.999995, -0.066000, -0.000198, -1.099992
0.120000, 1.504892, 0.999992, -0.078000, -0.000306, -1.199984
0.130000, 1.492954, 0.999988, -0.090999, -0.000457, -1.299973
0.140000, 1.480046, 0.999981, -0.104999, -0.000662, -1.399954
0.150000, 1.466179, 0.999972, -0.119998, -0.000935, -1.499925
0.160000, 1.451366, 0.999959, -0.135997, -0.001290, -1.599883
0.170000, 1.435623, 0.999941, -0.152995, -0.001744, -1.699821
0.180000, 1.418970, 0.999918, -0.170993, -0.002316, -1.799733
0.190000, 1.401428, 0.999888, -0.189989, -0.003027, -1.899612
0.200000, 1.383025, 0.999849, -0.209983, -0.003900, -1.999446
0.210000, 1.363790, 0.999799, -0.230975, -0.004960, -2.099223
0.220000, 1.343758, 0.999737, -0.252965, -0.006233, -2.198929
0.230000, 1.322967, 0.999660, -0.275950, -0.007747, -2.298546
0.240000, 1.301460, 0.999564, -0.299931, -0.009532, -2.398053
0.250000, 1.279283, 0.999448, -0.324905, -0.011619, -2.497427
0.260000, 1.256488, 0.999308, -0.350871, -0.014040, -2.596640
0.270000, 1.233129, 0.999139, -0.377828, -0.016827, -2.695662
0.280000, 1.209264, 0.998939, -0.405773, -0.020014, -2.794456
0.290000, 1.184954, 0.998703, -0.434702, -0.023634, -2.892986
0.300000, 1.160262, 0.998426, -0.464614, -0.027720, -2.991208
0.310000, 1.135253, 0.998103, -0.495505, -0.032304, -3.089074
0.320000, 1.109995, 0.997728, -0.527371, -0.037418, -3.186536
0.330000, 1.084554, 0.997298, -0.560206, -0.043091, -3.283537
0.340000, 1.058997, 0.996804, -0.594006, -0.049351, -3.380020
0.350000, 1.033389, 0.996242, -0.628765, -0.056226, -3.475923
0.360000, 1.007796, 0.995604, -0.664477, -0.063739, -3.571182
0.370000, 0.982279, 0.994885, -0.701134, -0.071911, -3.665728
0.380000, 0.956897, 0.994078, -0.738729, -0.080762, -3.759490
0.390000, 0.931706, 0.993175, -0.777253, -0.090306, -3.852398
0.400000, 0.906759, 0.992169, -0.816697, -0.100557, -3.944375
0.410000, 0.882102, 0.991054, -0.857051, -0.111525, -4.035347
0.420000, 0.857780, 0.989822, -0.898303, -0.123217, -4.125237
0.430000, 0.833831, 0.988465, -0.940443, -0.135635, -4.213966
0.440000, 0.810289, 0.986977, -0.983457, -0.148781, -4.301459
0.450000, 0.787185, 0.985351, -1.027334, -0.162654, -4.387636
0.460000, 0.764542, 0.983578, -1.072058, -0.177248, -4.472420
0.470000, 0.742382, 0.981653, -1.117615, -0.192555, -4.555735
0.480000, 0.720722, 0.979567, -1.163990, -0.208567, -4.637506
0.490000, 0.699574, 0.977314, -1.211167, -0.225271, -4.717657
0.500000, 0.678946, 0.974888, -1.259128, -0.242654, -4.796115
0.510000, 0.658845, 0.972281, -1.307856, -0.260699, -4.872809
0.520000, 0.639274, 0.969487, -1.357333, -0.279389, -4.947668
0.530000, 0.620232, 0.966500, -1.407539, -0.298704, -5.020626
0.540000, 0.601716, 0.963314, -1.458455, -0.318625, -5.091615
0.550000, 0.583723, 0.959922, -1.510061, -0.339129, -5.160572
0.560000, 0.566246, 0.956321, -1.562335, -0.360194, -5.227434
0.570000, 0.549276, 0.952503, -1.615257, -0.381796, -5.292142
0.580000, 0.532805, 0.948463, -1.668803, -0.403911, -5.354639
0.590000, 0.516822, 0.944198, -1.722952, -0.426515, -5.414869
0.600000, 0.501316, 0.939703, -1.777679, -0.449580, -5.472780
0.610000, 0.486274, 0.934972, -1.832963, -0.473082, -5.528319
0.620000, 0.471685, 0.930002, -1.888777, -0.496995, -5.581440
0.630000, 0.457535, 0.924789, -1.945098, -0.521291, -5.632096
0.640000, 0.443812, 0.919329, -2.001900, -0.545945, -5.680243
0.650000, 0.430502, 0.913620, -2.059159, -0.570928, -5.725839
0.660000, 0.417591, 0.907658, -2.116847, -0.596216, -5.768845
0.670000, 0.405066, 0.901440, -2.174939, -0.621780, -5.809224
0.680000, 0.392915, 0.894964, -2.233409, -0.647594, -5.846941
0.690000, 0.381124, 0.888228, -2.292228, -0.673632, -5.881962
0.700000, 0.369680, 0.881229, -2.351371, -0.699868, -5.914258
0.710000, 0.358571, 0.873966, -2.410809, -0.726274, -5.943799
0.720000, 0.347785, 0.866438, -2.470515, -0.752825, -5.970559
0.730000, 0.337309, 0.858643, -2.530460, -0.779495, -5.994514
0.740000, 0.327132, 0.850581, -2.590616, -0.806258, -6.015641
0.750000, 0.317242, 0.842250, -2.650955, -0.833090, -6.033919
0.760000, 0.307629, 0.833650, -2.711449, -0.859964, -6.049332
0.770000, 0.298283, 0.824782, -2.772067, -0.886858, -6.061861
0.780000, 0.289192, 0.815644, -2.832782, -0.913745, -6.071493
0.790000, 0.280347, 0.806238, -2.893564, -0.940603, -6.078215
0.800000, 0.271739, 0.796564, -2.954385, -0.967407, -6.082017
0.810000, 0.263359, 0.786623, -3.015213, -0.994134, -6.082889
0.820000, 0.255196, 0.776415, -3.076022, -1.020761, -6.080825
0.830000, 0.247245, 0.765942, -3.136780, -1.047265, -6.075820
0.840000, 0.239495, 0.755206, -3.197459, -1.073624, -6.067870
0.850000, 0.231939, 0.744208, -3.258028, -1.099816, -6.056975
0.860000, 0.224570, 0.732950, -3.318460, -1.125820, -6.043134
0.870000, 0.217380, 0.721434, -3.378723, -1.151614, -6.026349
0.880000, 0.210364, 0.709662, -3.438789, -1.177178, -6.006625
0.890000, 0.203513, 0.697637, -3.498629, -1.202491, -5.983968
0.900000, 0.196821, 0.685362, -3.558213, -1.227533, -5.958383
0.910000, 0.190284, 0.672839, -3.617512, -1.252284, -5.929881
0.920000, 0.183894, 0.660072, -3.676496, -1.276726, -5.898472
0.930000, 0.177646, 0.647063, -3.735138, -1.300838, -5.864168
0.940000, 0.171534, 0.633817, -3.793408, -1.324604, -5.826983
0.950000, 0.165555, 0.620337, -3.851277, -1.348004, -5.786933
0.960000, 0.159701, 0.606627, -3.908718, -1.371021, -5.744036
0.970000, 0.153970, 0.592691, -3.965701, -1.393638, -5.698308
0.980000, 0.148356, 0.578532, -4.022198, -1.415837, -5.649772
0.990000, 0.142855, 0.564156, -4.078183, -1.437603, -5.598448
1.000000, 0.137463, 0.549567, -4.133627, -1.458918, -5.544361
1.010000, 0.132175, 0.534769, -4.188502, -1.479768, -5.487535
1.020000, 0.126989, 0.519768, -4.242782, -1.500138, -5.427995
1.030000, 0.121899, 0.504568, -4.296440, -1.520011, -5.365771
1.040000, 0.116903, 0.489174, -4.349448, -1.539374, -5.300891
1.050000, 0.111997, 0.473592, -4.401782, -1.558213, -5.233387
1.060000, 0.107179, 0.457827, -4.453415, -1.576514, -5.163289
1.070000, 0.102444, 0.441884, -4.504322, -1.594264, -5.090631
1.080000, 0.097789, 0.425770, -4.554476, -1.611450, -5.015449
1.090000, 0.093213, 0.409489, -4.603854, -1.628059, -4.937779
1.100000, 0.088711, 0.393048, -4.652430, -1.644080, -4.857657
1.110000, 0.084282, 0.376453, -4.700182, -1.659501, -4.775122
1.120000, 0.079923, 0.359710, -4.747084, -1.674311, -4.690215
1.130000, 0.075630, 0.342825, -4.793114, -1.688499, -4.602977
1.140000, 0.071403, 0.325805, -4.838248, -1.702055, -4.513451
1.150000, 0.067238, 0.308655, -4.882465, -1.714968, -4.421679
1.160000, 0.063133, 0.291383, -4.925742, -1.727231, -4.327707
1.170000, 0.059086, 0.273994, -4.968058, -1.738833, -4.231580
1.180000, 0.055095, 0.256497, -5.009391, -1.749765, -4.133346
1.190000, 0.051158, 0.238896, -5.049722, -1.760021, -4.033054
1.200000, 0.047274, 0.221200, -5.089029, -1.769592, -3.930751
1.210000, 0.043439, 0.203416, -5.127294, -1.778470, -3.826489
1.220000, 0.039652, 0.185549, -5.164497, -1.786650, -3.720319
1.230000, 0.035912, 0.167608, -5.200620, -1.794124, -3.612293
1.240000, 0.032217, 0.149599, -5.235645, -1.800886, -3.502465
1.250000, 0.028565, 0.131530, -5.269554, -1.806931, -3.390888
1.260000, 0.024955, 0.113407, -5.302330, -1.812255, -3.277617
1.270000, 0.021385, 0.095239, -5.333957, -1.816851, -3.162709
1.280000, 0.017853, 0.077032, -5.364419, -1.820717, -3.046221
1.290000, 0.014359, 0.058793, -5.393701, -1.823847, -2.928210
1.300000, 0.010900, 0.040531, -5.421789, -1.826240, -2.808733
1.310000, 0.007475, 0.022252, -5.448667, -1.827891, -2.687852
1.320000, 0.004084, 0.003964, -5.474323, -1.828798, -2.565625
1.330000, 0.000724, -0.014326, -5.498745, -1.828960, -2.442112
1.340000, -0.002605, -0.032609, -5.521918, -1.828375, -2.317376
1.350000, -0.005905, -0.050880, -5.543833, -1.827041, -2.191478
1.360000, -0.009177, -0.069129, -5.564478, -1.824957, -2.064480
1.370000, -0.012423, -0.087351, -5.583842, -1.822124, -1.936445
1.380000, -0.015642, -0.105536, -5.601917, -1.818542, -1.807438
1.390000, -0.018837, -0.123678, -5.618692, -1.814210, -1.677521
1.400000, -0.022008, -0.141770, -5.634160, -1.809131, -1.546760
1.410000, -0.025157, -0.159803, -5.648312, -1.803305, -1.415219
1.420000, -0.028285, -0.177770, -5.661141, -1.796734, -1.282963
1.430000, -0.031391, -0.195664, -5.672642, -1.789420, -1.150059
1.440000, -0.034479, -0.213478, -5.682808, -1.781367, -1.016572
1.450000, -0.037548, -0.231204, -5.691633, -1.772576, -0.882569
1.460000, -0.040599, -0.248834, -5.699115, -1.763052, -0.748116
1.470000, -0.043634, -0.266362, -5.705247, -1.752799, -0.613280
1.480000, -0.046653, -0.283780, -5.710029, -1.741820, -0.478128
1.490000, -0.049658, -0.301081, -5.713456, -1.730121, -0.342727
1.500000, -0.052648, -0.318259, -5.715527, -1.717707, -0.207145
1.510000, -0.055626, -0.335304, -5.716242, -1.704582, -0.071448
1.520000, -0.058591, -0.352212, -5.715599, -1.690754, 0.064295
1.530000, -0.061545, -0.368974, -5.713599, -1.676228, 0.200018
1.540000, -0.064489, -0.385584, -5.710242, -1.661011, 0.335652
1.550000, -0.067423, -0.402035, -5.705531, -1.645111, 0.471131
1.560000, -0.070348, -0.418321, -5.699467, -1.628534, 0.606387
1.570000, -0.073265, -0.434434, -5.692053, -1.611288, 0.741353
1.580000, -0.076175, -0.450367, -5.683294, -1.593382, 0.875962
1.590000, -0.079079, -0.466116, -5.673192, -1.574824, 1.010146
1.600000, -0.081977, -0.481672, -5.661754, -1.555624, 1.143839
1.610000, -0.084870, -0.497030, -5.648984, -1.535790, 1.276976
1.620000, -0.087760, -0.512183, -5.634889, -1.515332, 1.409488
1.630000, -0.090646, -0.527126, -5.619476, -1.494260, 1.541312
1.640000, -0.093530, -0.541852, -5.602752, -1.472585, 1.672381
1.650000, -0.096412, -0.556355, -5.584726, -1.450318, 1.802629
1.660000, -0.099293, -0.570629, -5.565406, -1.427468, 1.931994
1.670000, -0.102174, -0.584670, -5.544802, -1.404048, 2.060409
1.680000, -0.105056, -0.598471, -5.522924, -1.380070, 2.187812
1.690000, -0.107940, -0.612026, -5.499783, -1.355545, 2.314138
1.700000, -0.110826, -0.625331, -5.475389, -1.330486, 2.439326
1.710000, -0.113715, -0.638380, -5.449756, -1.304904, 2.563314
1.720000, -0.116608, -0.651168, -5.422896, -1.278815, 2.686039
1.730000, -0.119505, -0.663690, -5.394821, -1.252229, 2.807441
1.740000, -0.122409, -0.675942, -5.365547, -1.225162, 2.927459
1.750000, -0.125318, -0.687918, -5.335086, -1.197626, 3.046034
1.760000, -0.128235, -0.699615, -5.303455, -1.169636, 3.163108
1.770000, -0.131159, -0.711027, -5.270669, -1.141206, 3.278621
1.780000, -0.134093, -0.722150, -5.236744, -1.112351, 3.392518
1.790000, -0.137036, -0.732981, -5.201697, -1.083085, 3.504741
1.800000, -0.139990, -0.743515, -5.165544, -1.053424, 3.615234
1.810000, -0.142956, -0.753749, -5.128305, -1.023383, 3.723944
1.820000, -0.145933, -0.763679, -5.089997, -0.992977, 3.830817
1.830000, -0.148924, -0.773301, -5.050639, -0.962223, 3.935799
1.840000, -0.151930, -0.782613, -5.010250, -0.931136, 4.038838
1.850000, -0.154950, -0.791610, -4.968851, -0.899732, 4.139884
1.860000, -0.157987, -0.800290, -4.926463, -0.868028, 4.238886
1.870000, -0.161040, -0.808651, -4.883105, -0.836040, 4.335796
1.880000, -0.164112, -0.816688, -4.838799, -0.803786, 4.430567
1.890000, -0.167203, -0.824401, -4.793567, -0.771282, 4.523150
1.900000, -0.170315, -0.831787, -4.747432, -0.738545, 4.613501
1.910000, -0.173447, -0.838843, -4.700417, -0.705593, 4.701575
1.920000, -0.176602, -0.845567, -4.652543, -0.672444, 4.787328
1.930000, -0.179781, -0.851958, -4.603836, -0.639114, 4.870719
1.940000, -0.182984, -0.858014, -4.554319, -0.605621, 4.951707
1.950000, -0.186213, -0.863734, -4.504017, -0.571984, 5.030251
1.960000, -0.189469, -0.869116, -4.452953, -0.538221, 5.106313
1.970000, -0.192754, -0.874160, -4.401155, -0.504349, 5.179856
1.980000, -0.196069, -0.878864, -4.348646, -0.470387, 5.250844
1.990000, -0.199414, -0.883227, -4.295454, -0.436354, 5.319243
2.000000, -0.202793, -0.887250, -4.241604, -0.402267, 5.385018
2.010000, -0.206205, -0.890931, -4.187123, -0.368146, 5.448138
2.020000, -0.209652, -0.894272, -4.132037, -0.334009, 5.508572
2.030000, -0.213137, -0.897270, -4.076374, -0.299875, 5.566291
2.040000, -0.216660, -0.899928, -4.020161, -0.265763, 5.621266
2.050000, -0.220223, -0.902245, -3.963427, -0.231691, 5.673472
2.060000, -0.223828, -0.904222, -3.906198, -0.197679, 5.722883
2.070000, -0.227477, -0.905859, -3.848503, -0.163745, 5.769475
2.080000, -0.231172, -0.907158, -3.790371, -0.129909, 5.813226
2.090000, -0.234914, -0.908120, -3.731830, -0.096190, 5.854115
2.100000, -0.238705, -0.908746, -3.672908, -0.062606, 5.892123
2.110000, -0.242548, -0.909038, -3.613636, -0.029178, 5.927231
2.120000, -0.246444, -0.908997, -3.554042, 0.004076, 5.959423
2.130000, -0.250397, -0.908626, -3.494155, 0.037137, 5.988684
2.140000, -0.254407, -0.907926, -3.434005, 0.069984, 6.015001
2.150000, -0.258478, -0.906900, -3.373621, 0.102600, 6.038361
2.160000, -0.262613, -0.905550, -3.313034, 0.134964, 6.058754
2.170000, -0.266813, -0.903880, -3.252272, 0.167057, 6.076171
2.180000, -0.271081, -0.901891, -3.191366, 0.198861, 6.090603
2.190000, -0.275421, -0.899588, -3.130346, 0.230355, 6.102046
2.200000, -0.279836, -0.896972, -3.069241, 0.261520, 6.110493
2.210000, -0.284328, -0.894049, -3.008081, 0.292337, 6.115943
2.220000, -0.288900, -0.890821, -2.946897, 0.322787, 6.118392
2.230000, -0.293557, -0.887293, -2.885719, 0.352850, 6.117842
2.240000, -0.298302, -0.883468, -2.824576, 0.382506, 6.114293
2.250000, -0.303139, -0.879350, -2.763498, 0.411737, 6.107748
2.260000, -0.308071, -0.874945, -2.702516, 0.440522, 6.098210
2.270000, -0.313103, -0.870257, -2.641659, 0.468843, 6.085686
2.280000, -0.318238, -0.865290, -2.580958, 0.496679, 6.070183
2.290000, -0.323483, -0.860050, -2.520441, 0.524011, 6.051708
2.300000, -0.328841, -0.854541, -2.460138, 0.550819, 6.030272
2.310000, -0.334317, -0.848771, -2.400079, 0.577084, 6.005885
2.320000, -0.339916, -0.842743, -2.340293, 0.602784, 5.978559
2.330000, -0.345645, -0.836464, -2.280810, 0.627901, 5.948309
2.340000, -0.351509, -0.829940, -2.221659, 0.652414, 5.915148
2.350000, -0.357514, -0.823177, -2.162868, 0.676302, 5.879094
2.360000, -0.363667, -0.816181, -2.104466, 0.699544, 5.840163
2.370000, -0.369974, -0.808960, -2.046483, 0.722120, 5.798372
2.380000, -0.376442, -0.801520, -1.988945, 0.744008, 5.753742
2.390000, -0.383079, -0.793868, -1.931882, 0.765185, 5.706293
2.400000, -0.389893, -0.786012, -1.875322, 0.785629, 5.656045
2.410000, -0.396892, -0.777959, -1.819292, 0.805319, 5.603021
2.420000, -0.404085, -0.769716, -1.763819, 0.824229, 5.547243
2.430000, -0.411480, -0.761293, -1.708932, 0.842335, 5.488734
2.440000, -0.419088, -0.752697, -1.654657, 0.859612, 5.427517
2.450000, -0.426918, -0.743936, -1.601020, 0.876034, 5.363618
2.460000, -0.434981, -0.735021, -1.548050, 0.891574, 5.297060
2.470000, -0.443289, -0.725959, -1.495771, 0.906202, 5.227869
2.480000, -0.451852, -0.716760, -1.444210, 0.919888, 5.156068
2.490000, -0.460682, -0.707434, -1.393394, 0.932600, 5.081682
2.500000, -0.469793, -0.697991, -1.343346, 0.944305, 5.004737
2.510000, -0.479197, -0.688441, -1.294094, 0.954966, 4.925255
2.520000, -0.488909, -0.678796, -1.245661, 0.964545, 4.843261
2.530000, -0.498941, -0.669066, -1.198073, 0.973001, 4.758778
2.540000, -0.509309, -0.659263, -1.151355, 0.980289, 4.671829
2.550000, -0.520027, -0.649399, -1.105531, 0.986362, 4.582435
2.560000, -0.531110, -0.639487, -1.060624, 0.991170, 4.490620
2.570000, -0.542575, -0.629541, -1.016660, 0.994657, 4.396403
2.580000, -0.554435, -0.619573, -0.973662, 0.996765, 4.299807
2.590000, -0.566707, -0.609599, -0.931654, 0.997430, 4.200853
2.600000, -0.579406, -0.599633, -0.890658, 0.996587, 4.099564
2.610000, -0.592544, -0.589691, -0.850699, 0.994164, 3.995965
2.620000, -0.606137, -0.579791, -0.811798, 0.990087, 3.890083
2.630000, -0.620197, -0.569948, -0.773978, 0.984277, 3.781949
2.640000, -0.634732, -0.560181, -0.737262, 0.976658, 3.671602
2.650000, -0.649752, -0.550510, -0.701671, 0.967148, 3.559086
2.660000, -0.665261, -0.540953, -0.667227, 0.955671, 3.444458
2.670000, -0.681261, -0.531531, -0.633949, 0.942155, 3.327786
2.680000, -0.697748, -0.522266, -0.601857, 0.926534, 3.209156
2.690000, -0.714713, -0.513179, -0.570971, 0.908758, 3.088671
2.700000, -0.732142, -0.504291, -0.541306, 0.888793, 2.966457
2.710000, -0.750012, -0.495624, -0.512879, 0.866627, 2.842664
2.720000, -0.768290, -0.487202, -0.485705, 0.842277, 2.717467
2.730000, -0.786937, -0.479044, -0.459794, 0.815797, 2.591068
2.740000, -0.805899, -0.471171, -0.435157, 0.787275, 2.463692
2.750000, -0.825113, -0.463602, -0.411801, 0.756845, 2.335588
2.760000, -0.844503, -0.456356, -0.389731, 0.724681, 2.207018
2.770000, -0.863980, -0.449446, -0.368949, 0.691001, 2.078255
2.780000, -0.883443, -0.442885, -0.349453, 0.656056, 1.949568
2.790000, -0.902776, -0.436684, -0.331241, 0.620128, 1.821221
2.800000, -0.921854, -0.430849, -0.314306, 0.583519, 1.693451
2.810000, -0.940542, -0.425383, -0.298641, 0.546532, 1.566469
2.820000, -0.958694, -0.420289, -0.284237, 0.509468, 1.440448
2.830000, -0.976161, -0.415563, -0.271082, 0.472604, 1.315517
2.840000, -0.992788, -0.411201, -0.259164, 0.436189, 1.191762
2.850000, -1.008422, -0.407196, -0.248472, 0.400432, 1.069226
2.860000, -1.022909, -0.403541, -0.238993, 0.365500, 0.947911
2.870000, -1.036103, -0.400226, -0.230715, 0.331514, 0.827783
2.880000, -1.047864, -0.397241, -0.223627, 0.298550, 0.708780
2.890000, -1.058064, -0.394574, -0.217719, 0.266643, 0.590818
2.900000, -1.066586, -0.392216, -0.212981, 0.235792, 0.473795
2.910000, -1.073328, -0.390157, -0.209405, 0.205967, 0.357600
2.920000, -1.078206, -0.388386, -0.206984, 0.177114, 0.242114
2.930000, -1.081150, -0.386894, -0.205712, 0.149161, 0.127217
2.940000, -1.082111, -0.385674, -0.205584, 0.122023, 0.012788
2.950000, -1.081059, -0.384718, -0.206597, 0.095610, -0.101292
2.960000, -1.077982, -0.384019, -0.208748, 0.069828, -0.215137
2.970000, -1.072890, -0.383573, -0.212037, 0.044587, -0.328858
2.980000, -1.065811, -0.383375, -0.216462, 0.019800, -0.442560
2.990000, -1.056796, -0.383422, -0.222026, -0.004610, -0.556343
3.000000, -1.045913, -0.383709, -0.228729, -0.028711, -0.670298
3.010000, -1.033249, -0.384234, -0.236574, -0.052553, -0.784511
3.020000, -1.018911, -0.384996, -0.245564, -0.076174, -0.899054
3.030000, -1.003020, -0.385992, -0.255704, -0.099593, -1.013992
3.040000, -0.985711, -0.387220, -0.266998, -0.122810, -1.129372
3.050000, -0.967135, -0.388678, -0.279450, -0.145805, -1.245228
3.060000, -0.947448, -0.390363, -0.293066, -0.168541, -1.361574
3.070000, -0.926814, -0.392273, -0.307850, -0.190962, -1.478407
3.080000, -0.905402, -0.394403, -0.323807, -0.212995, -1.595698
3.090000, -0.883378, -0.396749, -0.340941, -0.234558, -1.713402
3.100000, -0.860906, -0.399304, -0.359256, -0.255557, -1.831447
3.110000, -0.838145, -0.402063, -0.378753, -0.275895, -1.949745
3.120000, -0.815243, -0.405018, -0.399435, -0.295474, -2.068189
3.130000, -0.792338, -0.408160, -0.421301, -0.314200, -2.186657
3.140000, -0.769556, -0.411480, -0.444352, -0.331986, -2.305016
3.150000, -0.747008, -0.414967, -0.468583, -0.348756, -2.423125
3.160000, -0.724790, -0.418612, -0.493991, -0.364445, -2.540841
3.170000, -0.702987, -0.422402, -0.520571, -0.379003, -2.658020
3.180000, -0.681665, -0.426326, -0.548317, -0.392391, -2.774520
3.190000, -0.660881, -0.430371, -0.577219, -0.404586, -2.890204
3.200000, -0.640676, -0.434527, -0.607268, -0.415576, -3.004944
3.210000, -0.621082, -0.438781, -0.638454, -0.425359, -3.118616
3.220000, -0.602121, -0.443120, -0.670765, -0.433944, -3.231108
3.230000, -0.583804, -0.447534, -0.704188, -0.441345, -3.342312
3.240000, -0.566136, -0.452010, -0.738710, -0.447586, -3.452132
3.250000, -0.549117, -0.456537, -0.774315, -0.452692, -3.560476
3.260000, -0.532738, -0.461103, -0.810987, -0.456693, -3.667262
3.270000, -0.516989, -0.465700, -0.848711, -0.459621, -3.772412
3.280000, -0.501855, -0.470315, -0.887470, -0.461509, -3.875852
3.290000, -0.487320, -0.474939, -0.927245, -0.462390, -3.977515
3.300000, -0.473363, -0.479562, -0.968018, -0.462299, -4.077338
3.310000, -0.459965, -0.484174, -1.009771, -0.461270, -4.175260
3.320000, -0.447105, -0.488768, -1.052483, -0.459334, -4.271222
3.330000, -0.434760, -0.493333, -1.096135, -0.456524, -4.365171
3.340000, -0.422909, -0.497862, -1.140705, -0.452870, -4.457054
3.350000, -0.411529, -0.502346, -1.186174, -0.448403, -4.546819
3.360000, -0.400600, -0.506777, -1.232518, -0.443151, -4.634418
3.370000, -0.390100, -0.511149, -1.279716, -0.437142, -4.719803
3.380000, -0.380009, -0.515453, -1.327745, -0.430402, -4.802928
3.390000, -0.370307, -0.519682, -1.376583, -0.422957, -4.883749
3.400000, -0.360975, -0.523830, -1.426205, -0.414830, -4.962223
3.410000, -0.351994, -0.527891, -1.476588, -0.406046, -5.038308
3.420000, -0.343347, -0.531857, -1.527708, -0.396628, -5.111963
3.430000, -0.335017, -0.535723, -1.579539, -0.386596, -5.183149
3.440000, -0.326989, -0.539483, -1.632057, -0.375973, -5.251828
3.450000, -0.319247, -0.543131, -1.685237, -0.364779, -5.317963
3.460000, -0.311777, -0.546661, -1.739052, -0.353034, -5.381518
3.470000, -0.304564, -0.550069, -1.793477, -0.340756, -5.442461
3.480000, -0.297597, -0.553348, -1.848484, -0.327965, -5.500757
3.490000, -0.290863, -0.556495, -1.904048, -0.314680, -5.556376
3.500000, -0.284350, -0.559504, -1.960141, -0.300917, -5.609288
3.510000, -0.278047, -0.562371, -2.016736, -0.286695, -5.659463
3.520000, -0.271944, -0.565091, -2.073804, -0.272031, -5.706875
3.530000, -0.266031, -0.567661, -2.131319, -0.256941, -5.751498
3.540000, -0.260300, -0.570075, -2.189252, -0.241443, -5.793307
3.550000, -0.254740, -0.572331, -2.247575, -0.225551, -5.832280
3.560000, -0.249344, -0.574424, -2.306259, -0.209283, -5.868394
3.570000, -0.244105, -0.576350, -2.365275, -0.192654, -5.901631
3.580000, -0.239014, -0.578107, -2.424595, -0.175680, -5.931971
3.590000, -0.234064, -0.579691, -2.484189, -0.158376, -5.959397
3.600000, -0.229250, -0.581098, -2.544028, -0.140757, -5.983894
3.610000, -0.224564, -0.582327, -2.604083, -0.122839, -6.005448
3.620000, -0.220001, -0.583373, -2.664323, -0.104636, -6.024046
3.630000, -0.215556, -0.584235, -2.724720, -0.086163, -6.039678
3.640000, -0.211222, -0.584909, -2.785243, -0.067435, -6.052335
3.650000, -0.206995, -0.585394, -2.845863, -0.048466, -6.062007
3.660000, -0.202870, -0.585686, -2.906550, -0.029270, -6.068689
3.670000, -0.198843, -0.585785, -2.967274, -0.009863, -6.072377
3.680000, -0.194909, -0.585688, -3.028005, 0.009743, -6.073067
3.690000, -0.191064, -0.585392, -3.088712, 0.029532, -6.070757
3.700000, -0.187305, -0.584897, -3.149367, 0.049491, -6.065447
3.710000, -0.183627, -0.584201, -3.209938, 0.069606, -6.057139
3.720000, -0.180027, -0.583303, -3.270396, 0.089863, -6.045835
3.730000, -0.176502, -0.582200, -3.330712, 0.110248, -6.031541
3.740000, -0.173049, -0.580893, -3.390854, 0.130748, -6.014261
3.750000, -0.169665, -0.579379, -3.450794, 0.151350, -5.994005
3.760000, -0.166346, -0.577659, -3.510502, 0.172039, -5.970780
3.770000, -0.163090, -0.575731, -3.569948, 0.192802, -5.944598
3.780000, -0.159895, -0.573595, -3.629103, 0.213627, -5.915471
3.790000, -0.156757, -0.571250, -3.687937, 0.234499, -5.883411
3.800000, -0.153676, -0.568696, -3.746421, 0.255407, -5.848436
3.810000, -0.150647, -0.565932, -3.804527, 0.276336, -5.810560
3.820000, -0.147669, -0.562959, -3.862225, 0.297274, -5.769803
3.830000, -0.144741, -0.559777, -3.919487, 0.318208, -5.726184
3.840000, -0.141860, -0.556386, -3.976284, 0.339125, -5.679723
3.850000, -0.139024, -0.552786, -4.032588, 0.360013, -5.630444
3.860000, -0.136231, -0.548977, -4.088372, 0.380859, -5.578371
3.870000, -0.133479, -0.544961, -4.143607, 0.401651, -5.523528
3.880000, -0.130768, -0.540737, -4.198267, 0.422377, -5.465942
3.890000, -0.128095, -0.536307, -4.252323, 0.443023, -5.405643
3.900000, -0.125459, -0.531671, -4.305750, 0.463579, -5.342658
3.910000, -0.122857, -0.526831, -4.358520, 0.484032, -5.277020
3.920000, -0.120290, -0.521787, -4.410608, 0.504370, -5.208760
3.930000, -0.117755, -0.516541, -4.461987, 0.524582, -5.137912
3.940000, -0.115252, -0.511095, -4.512632, 0.544656, -5.064511
3.950000, -0.112778, -0.505449, -4.562518, 0.564580, -4.988594
3.960000, -0.110333, -0.499605, -4.611620, 0.584343, -4.910197
3.970000, -0.107915, -0.493566, -4.659913, 0.603934, -4.829359
3.980000, -0.105524, -0.487333, -4.707375, 0.623343, -4.746120
3.990000, -0.103158, -0.480907, -4.753980, 0.642557, -4.660522
4.000000, -0.100816, -0.474291, -4.799706, 0.661566, -4.572607
4.010000, -0.098497, -0.467488, -4.844530, 0.680360, -4.482418
4.020000, -0.096200, -0.460499, -4.888430, 0.698928, -4.390000
4.030000, -0.093925, -0.453326, -4.931384, 0.717259, -4.295400
4.040000, -0.091669, -0.445973, -4.973371, 0.735345, -4.198663
4.050000, -0.089433, -0.438441, -5.014369, 0.753174, -4.099837
4.060000, -0.087215, -0.430733, -5.054359, 0.770737, -3.998973
4.070000, -0.085015, -0.422853, -5.093320, 0.788024, -3.896120
4.080000, -0.082831, -0.414803, -5.131233, 0.805026, -3.791329
4.090000, -0.080663, -0.406586, -5.168080, 0.821734, -3.684652
4.100000, -0.078511, -0.398204, -5.203841, 0.838137, -3.576142
4.110000, -0.076372, -0.389662, -5.238500, 0.854229, -3.465854
4.120000, -0.074248, -0.380962, -5.272038, 0.869999, -3.353841
4.130000, -0.072135, -0.372108, -5.304440, 0.885440, -3.240161
4.140000, -0.070035, -0.363102, -5.335688, 0.900543, -3.124868
4.150000, -0.067947, -0.353949, -5.365769, 0.915300, -3.008021
4.160000, -0.065869, -0.344652, -5.394665, 0.929703, -2.889678
4.170000, -0.063801, -0.335215, -5.422364, 0.943744, -2.769898
4.180000, -0.061742, -0.325640, -5.448852, 0.957416, -2.648740
4.190000, -0.059692, -0.315933, -5.474114, 0.970712, -2.526264
4.200000, -0.057650, -0.306097, -5.498140, 0.983624, -2.402532
4.210000, -0.055615, -0.296136, -5.520916, 0.996147, -2.277606
4.220000, -0.053588, -0.286053, -5.542431, 1.008272, -2.151547
4.230000, -0.051566, -0.275853, -5.562676, 1.019995, -2.024418
4.240000, -0.049549, -0.265540, -5.581638, 1.031308, -1.896283
4.250000, -0.047538, -0.255118, -5.599310, 1.042206, -1.767206
4.260000, -0.045531, -0.244591, -5.615683, 1.052683, -1.637250
4.270000, -0.043527, -0.233964, -5.630748, 1.062734, -1.506481
4.280000, -0.041527, -0.223240, -5.644497, 1.072354, -1.374964
4.290000, -0.039529, -0.212425, -5.656925, 1.081538, -1.242763
4.300000, -0.037534, -0.201522, -5.668024, 1.090280, -1.109946
4.310000, -0.035539, -0.190536, -5.677790, 1.098577, -0.976579
4.320000, -0.033546, -0.179472, -5.686218, 1.106425, -0.842727
4.330000, -0.031552, -0.168334, -5.693302, 1.113819, -0.708458
4.340000, -0.029558, -0.157126, -5.699040, 1.120756, -0.573838
4.350000, -0.027564, -0.145854, -5.703430, 1.127233, -0.438934
4.360000, -0.025567, -0.134521, -5.706468, 1.133245, -0.303815
4.370000, -0.023569, -0.123133, -5.708153, 1.138792, -0.168547
4.380000, -0.021568, -0.111695, -5.708485, 1.143868, -0.033197
4.390000, -0.019564, -0.100210, -5.707464, 1.148474, 0.102166
4.400000, -0.017556, -0.088684, -5.705089, 1.152605, 0.237476
4.410000, -0.015543, -0.077121, -5.701362, 1.156261, 0.372665
4.420000, -0.013526, -0.065527, -5.696286, 1.159440, 0.507666
4.430000, -0.011503, -0.053906, -5.689862, 1.162140, 0.642411
4.440000, -0.009474, -0.042262, -5.682093, 1.164361, 0.776833
4.450000, -0.007438, -0.030601, -5.672985, 1.166102, 0.910865
4.460000, -0.005394, -0.018927, -5.662540, 1.167362, 1.044441
4.470000, -0.003343, -0.007246, -5.650765, 1.168141, 1.177493
4.480000, -0.001282, 0.004438, -5.637666, 1.168439, 1.309955
4.490000, 0.000787, 0.016121, -5.623248, 1.168256, 1.441763
4.500000, 0.002867, 0.027797, -5.607520, 1.167594, 1.572848
4.510000, 0.004957, 0.039461, -5.590488, 1.166452, 1.703148
4.520000, 0.007059, 0.051110, -5.572162, 1.164833, 1.832595
4.530000, 0.009172, 0.062737, -5.552551, 1.162736, 1.961127
4.540000, 0.011298, 0.074339, -5.531664, 1.160165, 2.088679
4.550000, 0.013438, 0.085910, -5.509512, 1.157121, 2.215187
4.560000, 0.015592, 0.097446, -5.486106, 1.153607, 2.340589
4.570000, 0.017760, 0.108942, -5.461458, 1.149624, 2.464822
4.580000, 0.019945, 0.120394, -5.435580, 1.145175, 2.587823
4.590000, 0.022146, 0.131797, -5.408485, 1.140265, 2.709533
4.600000, 0.024364, 0.143146, -5.380186, 1.134895, 2.829890
4.610000, 0.026600, 0.154436, -5.350697, 1.129070, 2.948834
4.620000, 0.028855, 0.165664, -5.320034, 1.122793, 3.066307
4.630000, 0.031130, 0.176825, -5.288212, 1.116069, 3.182249
4.640000, 0.033425, 0.187914, -5.255246, 1.108901, 3.296604
4.650000, 0.035742, 0.198927, -5.221153, 1.101295, 3.409314
4.660000, 0.038082, 0.209860, -5.185949, 1.093256, 3.520323
4.670000, 0.040445, 0.220707, -5.149654, 1.084788, 3.629575
4.680000, 0.042832, 0.231466, -5.112283, 1.075897, 3.737018
4.690000, 0.045246, 0.242132, -5.073857, 1.066589, 3.842597
4.700000, 0.047685, 0.252701, -5.034395, 1.056870, 3.946260
4.710000, 0.050153, 0.263168, -4.993915, 1.046746, 4.047956
4.720000, 0.052649, 0.273531, -4.952439, 1.036223, 4.147633
4.730000, 0.055175, 0.283784, -4.909987, 1.025309, 4.245243
4.740000, 0.057733, 0.293924, -4.866579, 1.014010, 4.340738
4.750000, 0.060323, 0.303947, -4.822238, 1.002333, 4.434069
4.760000, 0.062947, 0.313850, -4.776987, 0.990287, 4.525191
4.770000, 0.065606, 0.323629, -4.730846, 0.977878, 4.614059
4.780000, 0.068302, 0.333280, -4.683840, 0.965115, 4.700628
4.790000, 0.071036, 0.342800, -4.635991, 0.952007, 4.784857
4.800000, 0.073809, 0.352186, -4.587324, 0.938560, 4.866702
4.810000, 0.076623, 0.361433, -4.537863, 0.924785, 4.946125
4.820000, 0.079481, 0.370540, -4.487632, 0.910691, 5.023086
4.830000, 0.082382, 0.379503, -4.436656, 0.896286, 5.097546
4.840000, 0.085330, 0.388319, -4.384962, 0.881580, 5.169470
4.850000, 0.088327, 0.396985, -4.332574, 0.866582, 5.238823
4.860000, 0.091373, 0.405498, -4.279518, 0.851304, 5.305569
4.870000, 0.094471, 0.413855, -4.225821, 0.835754, 5.369677
4.880000, 0.097624, 0.422055, -4.171510, 0.819943, 5.431116
4.890000, 0.100832, 0.430094, -4.116611, 0.803883, 5.489854
4.900000, 0.104100, 0.437970, -4.061153, 0.787583, 5.545865
4.910000, 0.107428, 0.445680, -4.005162, 0.771056, 5.599120
4.920000, 0.110821, 0.453223, -3.948666, 0.754312, 5.649595
4.930000, 0.114279, 0.460597, -3.891693, 0.737362, 5.697264
4.940000, 0.117806, 0.467799, -3.834272, 0.720220, 5.742106
4.950000, 0.121405, 0.474828, -3.776431, 0.702896, 5.784098
4.960000, 0.125078, 0.481682, -3.718199, 0.685403, 5.823221
4.970000, 0.128830, 0.488360, -3.659604, 0.667754, 5.859457
4.980000, 0.132662, 0.494859, -3.600676, 0.649962, 5.892789
4.990000, 0.136579, 0.501180, -3.541444, 0.632039, 5.923201
5.000000, 0.140585, 0.507320, -3.481937, 0.613998, 5.950680
5.010000, 0.144682, 0.513278, -3.422185, 0.595853, 5.975214
5.020000, 0.148876, 0.519054, -3.362217, 0.577618, 5.996791
5.030000, 0.153169, 0.524647, -3.302063, 0.559307, 6.015404
5.040000, 0.157568, 0.530057, -3.241753, 0.540934, 6.031044
5.050000, 0.162075, 0.535282, -3.181316, 0.522513, 6.043705
5.060000, 0.166697, 0.540322, -3.120782, 0.504058, 6.053384
5.070000, 0.171437, 0.545178, -3.060181, 0.485586, 6.060077
5.080000, 0.176303, 0.549849, -2.999543, 0.467110, 6.063784
5.090000, 0.181298, 0.554336, -2.938898, 0.448647, 6.064505
5.100000, 0.186430, 0.558638, -2.878276, 0.430212, 6.062242
5.110000, 0.191704, 0.562756, -2.817706, 0.411820, 6.057000
5.120000, 0.197128, 0.566691, -2.757218, 0.393489, 6.048784
5.130000, 0.202707, 0.570443, -2.696842, 0.375235, 6.037600
5.140000, 0.208450, 0.574014, -2.636608, 0.357074, 6.023459
5.150000, 0.214364, 0.577404, -2.576544, 0.339023, 6.006370
5.160000, 0.220458, 0.580615, -2.516680, 0.321100, 5.986347
5.170000, 0.226740, 0.583649, -2.457046, 0.303323, 5.963402
5.180000, 0.233218, 0.586506, -2.397671, 0.285709, 5.937552
5.190000, 0.239904, 0.589188, -2.338583, 0.268277, 5.908815
5.200000, 0.246806, 0.591699, -2.279811, 0.251046, 5.877210
5.210000, 0.253936, 0.594039, -2.221383, 0.234034, 5.842757
5.220000, 0.261304, 0.596212, -2.163328, 0.217261, 5.805480
5.230000, 0.268923, 0.598219, -2.105674, 0.200746, 5.765403
5.240000, 0.276805, 0.600064, -2.048449, 0.184510, 5.722553
5.250000, 0.284964, 0.601750, -1.991679, 0.168572, 5.676959
5.260